condition,budget,n_robots,id,subset,best_iou,best_iou_vs_original,mean_iou,mean_iou_vs_original,std_iou,min_iou,n_runs,seconds
big-n1,big,1,letters_lower_r_dejavusans-bold,letters_lower,0.6512,0.6512,0.5828,0.5828,0.0406,0.5469,5,36.5
big-n1,big,1,letters_upper_I_dejavusans-bold,letters_upper,0.7555,0.7555,0.7003,0.7003,0.0478,0.6319,5,36.9
big-n1,big,1,letters_upper_J_dejavusans-bold,letters_upper,0.7762,0.7762,0.7483,0.7483,0.0229,0.7202,5,36.4
big-n1,big,1,letters_upper_L_dejavusans-bold,letters_upper,0.6276,0.6276,0.5719,0.5719,0.0317,0.5404,5,36.2
big-n1,big,1,letters_upper_V_dejavusans-bold,letters_upper,0.4404,0.4404,0.4247,0.4247,0.0133,0.4009,5,36.2
big-n2,big,2,letters_lower_r_dejavusans-bold,letters_lower,0.8173,0.8173,0.7889,0.7889,0.0402,0.7092,5,81.4
big-n2,big,2,letters_upper_I_dejavusans-bold,letters_upper,0.8693,0.8693,0.8452,0.8452,0.0139,0.8297,5,82.1
big-n2,big,2,letters_upper_J_dejavusans-bold,letters_upper,0.8504,0.8504,0.8114,0.8114,0.0331,0.7684,5,81.3
big-n2,big,2,letters_upper_L_dejavusans-bold,letters_upper,0.8002,0.8002,0.7837,0.7837,0.0084,0.778,5,81.2
big-n2,big,2,letters_upper_V_dejavusans-bold,letters_upper,0.7814,0.7814,0.7646,0.7646,0.0119,0.7474,5,81.8
big-n3,big,3,letters_lower_r_dejavusans-bold,letters_lower,0.8583,0.8583,0.8378,0.8378,0.0143,0.8219,5,121.0
big-n3,big,3,letters_upper_I_dejavusans-bold,letters_upper,0.8632,0.8632,0.8434,0.8434,0.0155,0.8188,5,122.2
big-n3,big,3,letters_upper_J_dejavusans-bold,letters_upper,0.8572,0.8572,0.8253,0.8253,0.0379,0.7512,5,120.5
big-n3,big,3,letters_upper_L_dejavusans-bold,letters_upper,0.8791,0.8791,0.8265,0.8265,0.0315,0.794,5,121.4
big-n3,big,3,letters_upper_V_dejavusans-bold,letters_upper,0.8285,0.8285,0.8139,0.8139,0.0198,0.7754,5,120.9
big-n5,big,5,letters_lower_r_dejavusans-bold,letters_lower,0.9086,0.9086,0.8839,0.8839,0.0132,0.8694,5,192.1
big-n5,big,5,letters_upper_I_dejavusans-bold,letters_upper,0.8559,0.8559,0.78,0.78,0.0403,0.7362,5,192.8
big-n5,big,5,letters_upper_J_dejavusans-bold,letters_upper,0.8185,0.8185,0.7742,0.7742,0.039,0.7063,5,190.2
big-n5,big,5,letters_upper_L_dejavusans-bold,letters_upper,0.9315,0.9315,0.8894,0.8894,0.0395,0.8281,5,192.3
big-n5,big,5,letters_upper_V_dejavusans-bold,letters_upper,0.8703,0.8703,0.8449,0.8449,0.0137,0.8312,5,192.3
big-n7,big,7,letters_lower_r_dejavusans-bold,letters_lower,0.898,0.898,0.8837,0.8837,0.0144,0.8647,5,311.6
big-n7,big,7,letters_upper_I_dejavusans-bold,letters_upper,0.8609,0.8609,0.7844,0.7844,0.0411,0.744,5,312.5
big-n7,big,7,letters_upper_J_dejavusans-bold,letters_upper,0.8019,0.8019,0.7321,0.7321,0.0498,0.6754,5,309.0
big-n7,big,7,letters_upper_L_dejavusans-bold,letters_upper,0.9259,0.9259,0.8977,0.8977,0.0202,0.8717,5,312.2
big-n7,big,7,letters_upper_V_dejavusans-bold,letters_upper,0.8684,0.8684,0.834,0.834,0.0245,0.8085,5,311.5
small-n1,small,1,letters_lower_r_dejavusans-bold,letters_lower,0.6305,0.6305,0.5557,0.5557,0.0393,0.5172,5,27.8
small-n1,small,1,letters_upper_I_dejavusans-bold,letters_upper,0.7465,0.7465,0.6874,0.6874,0.0419,0.625,5,28.4
small-n1,small,1,letters_upper_J_dejavusans-bold,letters_upper,0.7658,0.7658,0.7374,0.7374,0.0236,0.7032,5,27.7
small-n1,small,1,letters_upper_L_dejavusans-bold,letters_upper,0.5976,0.5976,0.5633,0.5633,0.0218,0.5376,5,27.7
small-n1,small,1,letters_upper_V_dejavusans-bold,letters_upper,0.4394,0.4394,0.4128,0.4128,0.0199,0.3832,5,27.2
small-n2,small,2,letters_lower_r_dejavusans-bold,letters_lower,0.8097,0.8097,0.7804,0.7804,0.0225,0.7472,5,61.5
small-n2,small,2,letters_upper_I_dejavusans-bold,letters_upper,0.7939,0.7939,0.783,0.783,0.0098,0.7665,5,62.0
small-n2,small,2,letters_upper_J_dejavusans-bold,letters_upper,0.8054,0.8054,0.7781,0.7781,0.028,0.7361,5,61.1
small-n2,small,2,letters_upper_L_dejavusans-bold,letters_upper,0.7767,0.7767,0.766,0.766,0.0083,0.7531,5,61.2
small-n2,small,2,letters_upper_V_dejavusans-bold,letters_upper,0.7499,0.7499,0.7094,0.7094,0.034,0.6512,5,61.8
small-n3,small,3,letters_lower_r_dejavusans-bold,letters_lower,0.8518,0.8518,0.828,0.828,0.017,0.8001,5,90.8
small-n3,small,3,letters_upper_I_dejavusans-bold,letters_upper,0.8224,0.8224,0.8047,0.8047,0.0158,0.7846,5,90.5
small-n3,small,3,letters_upper_J_dejavusans-bold,letters_upper,0.8496,0.8496,0.7543,0.7543,0.0506,0.6992,5,88.5
small-n3,small,3,letters_upper_L_dejavusans-bold,letters_upper,0.8673,0.8673,0.8195,0.8195,0.0425,0.7654,5,91.5
small-n3,small,3,letters_upper_V_dejavusans-bold,letters_upper,0.802,0.802,0.7682,0.7682,0.0293,0.7145,5,92.0
small-n5,small,5,letters_lower_r_dejavusans-bold,letters_lower,0.8731,0.8731,0.8642,0.8642,0.0046,0.8599,5,140.6
small-n5,small,5,letters_upper_I_dejavusans-bold,letters_upper,0.8617,0.8617,0.7981,0.7981,0.0338,0.7681,5,141.3
small-n5,small,5,letters_upper_J_dejavusans-bold,letters_upper,0.8244,0.8244,0.7437,0.7437,0.0606,0.6531,5,140.8
small-n5,small,5,letters_upper_L_dejavusans-bold,letters_upper,0.9119,0.9119,0.8463,0.8463,0.0472,0.7814,5,140.9
small-n5,small,5,letters_upper_V_dejavusans-bold,letters_upper,0.8362,0.8362,0.7937,0.7937,0.0283,0.7655,5,140.6
small-n7,small,7,letters_lower_r_dejavusans-bold,letters_lower,0.8759,0.8759,0.8631,0.8631,0.0088,0.8542,5,218.6
small-n7,small,7,letters_upper_I_dejavusans-bold,letters_upper,0.8367,0.8367,0.7742,0.7742,0.046,0.7213,5,219.6
small-n7,small,7,letters_upper_J_dejavusans-bold,letters_upper,0.737,0.737,0.6857,0.6857,0.0529,0.5857,5,218.9
small-n7,small,7,letters_upper_L_dejavusans-bold,letters_upper,0.9233,0.9233,0.8743,0.8743,0.0499,0.7853,5,218.7
small-n7,small,7,letters_upper_V_dejavusans-bold,letters_upper,0.8085,0.8085,0.7772,0.7772,0.0205,0.7445,5,218.8
