shadow_name,subset,small_best_iou,big_best_iou,delta,small_mean_iou,big_mean_iou,small_std_iou,big_std_iou,big_n_runs
abstract/bone_mpeg7-01,abstract,0.4621,0.5382,0.0761,0.4338,0.4956,0.0255,0.0225,10
abstract/bone_mpeg7-02,abstract,0.5133,0.5577,0.0444,0.4764,0.5261,0.0216,0.0213,10
abstract/bone_mpeg7-03,abstract,0.4606,0.5209,0.0603,0.4285,0.4811,0.023,0.0181,15
abstract/bone_mpeg7-04,abstract,0.5256,0.5642,0.0386,0.4466,0.4927,0.0378,0.0497,10
abstract/bone_mpeg7-05,abstract,0.4782,0.5185,0.0403,0.4283,0.4828,0.0252,0.0274,10
abstract/comma_mpeg7-01,abstract,0.7728,0.7805,0.0077,0.7215,0.7651,0.0225,0.0128,10
abstract/comma_mpeg7-02,abstract,0.774,0.7924,0.0184,0.7318,0.7718,0.0251,0.0105,10
abstract/comma_mpeg7-03,abstract,0.7276,0.7421,0.0145,0.6776,0.725,0.025,0.0112,10
abstract/comma_mpeg7-04,abstract,0.7898,0.781,-0.0088,0.7326,0.757,0.0289,0.0141,10
abstract/comma_mpeg7-05,abstract,0.7443,0.7879,0.0436,0.7267,0.7574,0.0244,0.0163,10
abstract/device0_mpeg7-01,abstract,0.5905,0.6121,0.0216,0.5632,0.5982,0.0147,0.0157,10
abstract/device0_mpeg7-02,abstract,0.615,0.6337,0.0187,0.5767,0.6005,0.022,0.0214,10
abstract/device0_mpeg7-03,abstract,0.5872,0.6265,0.0393,0.5723,0.604,0.02,0.0137,10
abstract/device0_mpeg7-04,abstract,0.5901,0.6014,0.0113,0.554,0.5824,0.0224,0.013,10
abstract/device0_mpeg7-05,abstract,0.6378,0.6451,0.0073,0.6044,0.6232,0.0223,0.021,10
abstract/device1_mpeg7-01,abstract,0.5084,0.5582,0.0498,0.4896,0.5041,0.0168,0.0287,10
abstract/device1_mpeg7-02,abstract,0.7,0.7343,0.0343,0.6624,0.6958,0.0208,0.024,10
abstract/device1_mpeg7-03,abstract,0.6927,0.72,0.0273,0.6581,0.6891,0.0235,0.0188,10
abstract/device1_mpeg7-04,abstract,0.6844,0.7033,0.0189,0.649,0.6776,0.0185,0.0219,10
abstract/device1_mpeg7-05,abstract,0.5535,0.5889,0.0354,0.5329,0.5593,0.0133,0.0173,10
abstract/device2_mpeg7-01,abstract,0.6994,0.7307,0.0313,0.6692,0.6964,0.0235,0.0153,10
abstract/device2_mpeg7-02,abstract,0.6632,0.6886,0.0254,0.6469,0.674,0.0092,0.0106,10
abstract/device2_mpeg7-03,abstract,0.5725,0.5966,0.0241,0.5448,0.5741,0.0192,0.0127,10
abstract/device2_mpeg7-04,abstract,0.5084,0.5277,0.0193,0.4718,0.4947,0.0225,0.0223,10
abstract/device2_mpeg7-05,abstract,0.533,0.5635,0.0305,0.5129,0.5353,0.0133,0.0128,10
abstract/device3_mpeg7-01,abstract,0.6375,0.6587,0.0212,0.5879,0.608,0.0255,0.0245,10
abstract/device3_mpeg7-02,abstract,0.6218,0.6693,0.0475,0.5851,0.6192,0.019,0.0255,10
abstract/device3_mpeg7-03,abstract,0.6158,0.6527,0.0369,0.5809,0.6119,0.0186,0.0225,10
abstract/device3_mpeg7-04,abstract,0.6239,0.65,0.0261,0.5816,0.6211,0.0177,0.0155,10
abstract/device3_mpeg7-05,abstract,0.5393,0.5649,0.0256,0.5186,0.5439,0.013,0.0174,10
abstract/device4_mpeg7-01,abstract,0.7027,0.7347,0.032,0.6781,0.7095,0.0229,0.0193,10
abstract/device4_mpeg7-02,abstract,0.7351,0.7577,0.0226,0.7024,0.7263,0.0215,0.0286,10
abstract/device4_mpeg7-03,abstract,0.7355,0.7458,0.0103,0.6649,0.6908,0.0338,0.0323,10
abstract/device4_mpeg7-04,abstract,0.6984,0.7304,0.032,0.6665,0.6978,0.0282,0.0206,10
abstract/device4_mpeg7-05,abstract,0.6408,0.6626,0.0218,0.6009,0.633,0.0261,0.0239,10
abstract/device5_mpeg7-01,abstract,0.6486,0.6535,0.0049,0.5913,0.6282,0.0216,0.0127,10
abstract/device5_mpeg7-02,abstract,0.7241,0.7409,0.0168,0.6533,0.6828,0.0334,0.0332,10
abstract/device5_mpeg7-03,abstract,0.5613,0.6062,0.0449,0.5233,0.5728,0.0343,0.0255,10
abstract/device5_mpeg7-04,abstract,0.6502,0.6675,0.0173,0.6147,0.6452,0.0162,0.0153,10
abstract/device5_mpeg7-05,abstract,0.6091,0.6711,0.062,0.5814,0.6298,0.0279,0.0237,10
abstract/device6_mpeg7-01,abstract,0.6624,0.6871,0.0247,0.614,0.6477,0.0251,0.0218,10
abstract/device6_mpeg7-02,abstract,0.3697,0.3885,0.0188,0.3528,0.3681,0.0127,0.0128,15
abstract/device6_mpeg7-03,abstract,0.6378,0.6529,0.0151,0.6088,0.6338,0.0176,0.0128,10
abstract/device6_mpeg7-04,abstract,0.6593,0.6853,0.026,0.6242,0.6535,0.0179,0.0141,10
abstract/device6_mpeg7-05,abstract,0.6424,0.6697,0.0273,0.6162,0.6544,0.0167,0.012,10
abstract/device7_mpeg7-01,abstract,0.5233,0.5494,0.0261,0.4983,0.5259,0.0122,0.0143,10
abstract/device7_mpeg7-02,abstract,0.5965,0.6262,0.0297,0.5712,0.5955,0.0192,0.0176,10
abstract/device7_mpeg7-03,abstract,0.6118,0.6172,0.0054,0.5762,0.5963,0.0166,0.0116,10
abstract/device7_mpeg7-04,abstract,0.5843,0.6179,0.0336,0.5642,0.5859,0.0167,0.0208,10
abstract/device7_mpeg7-05,abstract,0.6437,0.6532,0.0095,0.6168,0.6318,0.02,0.0199,10
abstract/device8_mpeg7-01,abstract,0.6945,0.7449,0.0504,0.6538,0.6872,0.0207,0.0236,10
abstract/device8_mpeg7-02,abstract,0.6888,0.73,0.0412,0.662,0.7007,0.0182,0.0162,10
abstract/device8_mpeg7-03,abstract,0.7239,0.7342,0.0103,0.6749,0.7016,0.0249,0.0181,10
abstract/device8_mpeg7-04,abstract,0.6404,0.693,0.0526,0.5949,0.6396,0.028,0.026,10
abstract/device8_mpeg7-05,abstract,0.6716,0.7243,0.0527,0.6483,0.704,0.0198,0.0174,10
abstract/device9_mpeg7-01,abstract,0.6574,0.6879,0.0305,0.6341,0.655,0.0146,0.0193,10
abstract/device9_mpeg7-02,abstract,0.6198,0.6429,0.0231,0.5889,0.6108,0.0164,0.0179,10
abstract/device9_mpeg7-03,abstract,0.6752,0.7039,0.0287,0.645,0.6751,0.0254,0.0145,10
abstract/device9_mpeg7-04,abstract,0.6662,0.691,0.0248,0.641,0.6662,0.0147,0.0187,10
abstract/device9_mpeg7-05,abstract,0.6462,0.6883,0.0421,0.6176,0.6458,0.0159,0.0258,10
abstract/hcircle_mpeg7-01,abstract,0.8168,0.8292,0.0124,0.7847,0.81,0.0175,0.0203,10
abstract/hcircle_mpeg7-02,abstract,0.796,0.8211,0.0251,0.7517,0.7852,0.0251,0.0291,10
abstract/hcircle_mpeg7-03,abstract,0.8321,0.8512,0.0191,0.7999,0.825,0.0177,0.0169,10
abstract/hcircle_mpeg7-04,abstract,0.8114,0.829,0.0176,0.789,0.8118,0.0164,0.0109,10
abstract/hcircle_mpeg7-05,abstract,0.8222,0.8342,0.012,0.7724,0.802,0.0249,0.0219,10
abstract/heart_mpeg7-01,abstract,0.6631,0.6901,0.027,0.6166,0.6501,0.0251,0.0255,10
abstract/heart_mpeg7-02,abstract,0.6443,0.6527,0.0084,0.6008,0.6293,0.0243,0.013,10
abstract/heart_mpeg7-03,abstract,0.6489,0.6674,0.0185,0.6104,0.6424,0.0331,0.0179,10
abstract/heart_mpeg7-04,abstract,0.652,0.6756,0.0236,0.6182,0.6423,0.017,0.0232,10
abstract/heart_mpeg7-05,abstract,0.6088,0.6384,0.0296,0.5846,0.5936,0.0164,0.0294,10
abstract/misk_mpeg7-01,abstract,0.7018,0.7171,0.0153,0.6802,0.6969,0.0133,0.0165,10
abstract/misk_mpeg7-02,abstract,0.7058,0.7361,0.0303,0.6696,0.7071,0.02,0.0224,10
abstract/misk_mpeg7-03,abstract,0.706,0.7234,0.0174,0.6833,0.706,0.0188,0.0176,10
abstract/misk_mpeg7-04,abstract,0.6586,0.6867,0.0281,0.6355,0.6608,0.016,0.016,10
abstract/misk_mpeg7-05,abstract,0.6734,0.6992,0.0258,0.6461,0.6663,0.0161,0.0219,10
abstract/spring_mpeg7-01,abstract,0.4193,0.4357,0.0164,0.3828,0.4169,0.0216,0.0146,15
abstract/spring_mpeg7-02,abstract,0.3173,0.3309,0.0136,0.29,0.3065,0.0159,0.0151,15
abstract/spring_mpeg7-03,abstract,0.2848,0.3257,0.0409,0.2482,0.2934,0.0362,0.0244,15
abstract/spring_mpeg7-04,abstract,0.538,0.5367,-0.0013,0.4894,0.514,0.0265,0.0162,10
abstract/spring_mpeg7-05,abstract,0.4193,0.4357,0.0164,0.3828,0.4169,0.0216,0.0146,15
abstract/stef_mpeg7-01,abstract,0.5363,0.5653,0.029,0.4941,0.5276,0.0241,0.0249,10
abstract/stef_mpeg7-02,abstract,0.4933,0.4954,0.0021,0.4563,0.4775,0.0181,0.018,15
abstract/stef_mpeg7-03,abstract,0.3753,0.429,0.0537,0.3561,0.3909,0.0176,0.0218,15
abstract/stef_mpeg7-04,abstract,0.4087,0.4624,0.0537,0.3684,0.4205,0.0189,0.0228,15
abstract/stef_mpeg7-05,abstract,0.5165,0.5222,0.0057,0.4719,0.4977,0.0215,0.0117,10
animals/bat_mpeg7-01,animals,0.6373,0.6592,0.0219,0.5755,0.6143,0.0351,0.0363,10
animals/bat_mpeg7-02,animals,0.4272,0.4634,0.0362,0.3943,0.4419,0.0232,0.0165,15
animals/bat_mpeg7-03,animals,0.523,0.5442,0.0212,0.4965,0.5108,0.0138,0.0191,10
animals/bat_mpeg7-04,animals,0.5543,0.5796,0.0253,0.5156,0.5482,0.0247,0.02,10
animals/bat_mpeg7-05,animals,0.5157,0.5316,0.0159,0.4807,0.5173,0.0195,0.0153,10
animals/beetle_mpeg7-01,animals,0.4577,0.4801,0.0224,0.4391,0.4558,0.0098,0.0151,15
animals/beetle_mpeg7-02,animals,0.6164,0.6262,0.0098,0.5877,0.6095,0.0162,0.0118,10
animals/beetle_mpeg7-03,animals,0.5824,0.5947,0.0123,0.5607,0.581,0.0126,0.0107,10
animals/beetle_mpeg7-04,animals,0.5688,0.6014,0.0326,0.5557,0.5759,0.0093,0.0109,10
animals/beetle_mpeg7-05,animals,0.5511,0.5726,0.0215,0.5357,0.5518,0.0072,0.0169,10
animals/bird_mpeg7-01,animals,0.5872,0.6078,0.0206,0.5548,0.5888,0.0202,0.0157,10
animals/bird_mpeg7-02,animals,0.6674,0.7071,0.0397,0.637,0.6636,0.0302,0.0231,10
animals/bird_mpeg7-03,animals,0.6679,0.6828,0.0149,0.6231,0.6512,0.0261,0.0201,10
animals/bird_mpeg7-04,animals,0.5566,0.568,0.0114,0.4998,0.5309,0.0295,0.0302,10
animals/bird_mpeg7-05,animals,0.6557,0.7024,0.0467,0.6309,0.6756,0.0195,0.0198,10
animals/butterfly_mpeg7-01,animals,0.583,0.6034,0.0204,0.5387,0.5777,0.0356,0.0193,10
animals/butterfly_mpeg7-02,animals,0.556,0.574,0.018,0.5304,0.5469,0.0155,0.0178,10
animals/butterfly_mpeg7-03,animals,0.6735,0.6994,0.0259,0.6456,0.6673,0.0153,0.0204,10
animals/butterfly_mpeg7-04,animals,0.6549,0.6734,0.0185,0.6018,0.6268,0.0307,0.0301,10
animals/butterfly_mpeg7-05,animals,0.7175,0.7623,0.0448,0.6789,0.7077,0.0257,0.0364,10
animals/camel_mpeg7-01,animals,0.6551,0.6737,0.0186,0.6106,0.6387,0.0227,0.0252,10
animals/camel_mpeg7-02,animals,0.5543,0.5936,0.0393,0.5225,0.5546,0.0193,0.0165,10
animals/camel_mpeg7-03,animals,0.5887,0.6169,0.0282,0.5705,0.5902,0.0101,0.0122,10
animals/camel_mpeg7-04,animals,0.5639,0.5737,0.0098,0.5308,0.557,0.0176,0.0142,10
animals/camel_mpeg7-05,animals,0.6802,0.7076,0.0274,0.6492,0.6746,0.0175,0.0211,10
animals/cattle_mpeg7-01,animals,0.6121,0.6162,0.0041,0.5759,0.604,0.0226,0.0156,10
animals/cattle_mpeg7-02,animals,0.5205,0.5546,0.0341,0.4948,0.5235,0.0149,0.0218,10
animals/cattle_mpeg7-03,animals,0.5604,0.5781,0.0177,0.5272,0.5546,0.0145,0.016,10
animals/cattle_mpeg7-04,animals,0.5616,0.5861,0.0245,0.53,0.5565,0.0177,0.0195,10
animals/cattle_mpeg7-05,animals,0.5888,0.6077,0.0189,0.5572,0.5846,0.0155,0.0158,10
animals/chicken_mpeg7-01,animals,0.6179,0.6528,0.0349,0.5901,0.62,0.0184,0.0231,10
animals/chicken_mpeg7-02,animals,0.6388,0.6971,0.0583,0.6175,0.6564,0.0134,0.0198,10
animals/chicken_mpeg7-03,animals,0.6616,0.6723,0.0107,0.6146,0.6355,0.0256,0.0353,10
animals/chicken_mpeg7-04,animals,0.6835,0.7097,0.0262,0.6399,0.6502,0.0258,0.0293,10
animals/chicken_mpeg7-05,animals,0.6161,0.6491,0.033,0.5936,0.6196,0.0154,0.0238,10
animals/deer_mpeg7-01,animals,0.4873,0.5237,0.0364,0.4664,0.4982,0.0123,0.0172,10
animals/deer_mpeg7-02,animals,0.5137,0.5193,0.0056,0.4853,0.4959,0.0173,0.0156,10
animals/deer_mpeg7-03,animals,0.4854,0.5254,0.04,0.472,0.4963,0.0099,0.012,10
animals/deer_mpeg7-04,animals,0.4481,0.4643,0.0162,0.4171,0.4469,0.0197,0.0134,15
animals/deer_mpeg7-05,animals,0.5088,0.5269,0.0181,0.463,0.4986,0.021,0.0173,10
animals/dog_mpeg7-01,animals,0.6149,0.6398,0.0249,0.562,0.5989,0.0423,0.0238,10
animals/dog_mpeg7-02,animals,0.5271,0.5495,0.0224,0.5007,0.5272,0.0275,0.0245,10
animals/dog_mpeg7-03,animals,0.2806,0.3107,0.0301,0.2689,0.2903,0.0062,0.0141,15
animals/dog_mpeg7-04,animals,0.5465,0.5794,0.0329,0.5034,0.5398,0.0208,0.0296,10
animals/dog_mpeg7-05,animals,0.5367,0.563,0.0263,0.4926,0.5346,0.0226,0.0223,10
animals/elephant_mpeg7-01,animals,0.6304,0.6618,0.0314,0.5939,0.6344,0.0174,0.0225,10
animals/elephant_mpeg7-02,animals,0.6549,0.6962,0.0413,0.616,0.6358,0.0215,0.033,10
animals/elephant_mpeg7-03,animals,0.6065,0.6386,0.0321,0.5841,0.6118,0.0146,0.0208,10
animals/elephant_mpeg7-04,animals,0.6006,0.6256,0.025,0.5525,0.587,0.0252,0.0214,10
animals/elephant_mpeg7-05,animals,0.6276,0.6703,0.0427,0.5934,0.6195,0.0218,0.0269,10
animals/fish_mpeg7-01,animals,0.6166,0.6533,0.0367,0.5871,0.6221,0.0234,0.0218,10
animals/fish_mpeg7-02,animals,0.5072,0.5253,0.0181,0.4645,0.5016,0.0199,0.0183,10
animals/fish_mpeg7-03,animals,0.5291,0.5621,0.033,0.4804,0.526,0.0275,0.0301,10
animals/fish_mpeg7-04,animals,0.5148,0.5323,0.0175,0.4727,0.5019,0.0291,0.0141,10
animals/fish_mpeg7-05,animals,0.4838,0.5171,0.0333,0.4447,0.4894,0.0295,0.0186,10
animals/flatfish_mpeg7-01,animals,0.6656,0.685,0.0194,0.628,0.6585,0.0234,0.0228,10
animals/flatfish_mpeg7-02,animals,0.6011,0.6139,0.0128,0.5219,0.5707,0.036,0.0243,10
animals/flatfish_mpeg7-03,animals,0.6311,0.6649,0.0338,0.5808,0.6311,0.0248,0.0203,10
animals/flatfish_mpeg7-04,animals,0.6042,0.6244,0.0202,0.5535,0.5882,0.0301,0.0255,10
animals/flatfish_mpeg7-05,animals,0.601,0.6346,0.0336,0.5444,0.5847,0.0285,0.0294,10
animals/fly_mpeg7-01,animals,0.4716,0.4883,0.0167,0.4357,0.4605,0.0157,0.0181,15
animals/fly_mpeg7-02,animals,0.6528,0.6465,-0.0063,0.6055,0.6231,0.0239,0.0161,10
animals/fly_mpeg7-03,animals,0.554,0.5601,0.0061,0.5283,0.5476,0.0128,0.0124,10
animals/fly_mpeg7-04,animals,0.6246,0.6394,0.0148,0.5959,0.6168,0.0241,0.0177,10
animals/fly_mpeg7-05,animals,0.5382,0.5834,0.0452,0.5178,0.5558,0.0132,0.0202,10
animals/frog_mpeg7-01,animals,0.6892,0.7278,0.0386,0.67,0.7026,0.0254,0.0146,10
animals/frog_mpeg7-02,animals,0.6632,0.6835,0.0203,0.636,0.6638,0.0183,0.0145,10
animals/frog_mpeg7-03,animals,0.6806,0.7354,0.0548,0.6391,0.6773,0.031,0.0269,10
animals/frog_mpeg7-04,animals,0.616,0.6343,0.0183,0.5881,0.618,0.0223,0.0116,10
animals/frog_mpeg7-05,animals,0.6336,0.6393,0.0057,0.5999,0.609,0.0165,0.0256,10
animals/horse_mpeg7-01,animals,0.5601,0.5829,0.0228,0.5342,0.5439,0.0195,0.032,10
animals/horse_mpeg7-02,animals,0.5273,0.58,0.0527,0.4986,0.5256,0.017,0.0259,10
animals/horse_mpeg7-03,animals,0.4513,0.484,0.0327,0.4103,0.4366,0.0211,0.0219,15
animals/horse_mpeg7-04,animals,0.4629,0.5047,0.0418,0.4435,0.4754,0.0169,0.0147,15
animals/horse_mpeg7-05,animals,0.5055,0.5407,0.0352,0.4866,0.5057,0.0117,0.0185,10
animals/lizzard_mpeg7-01,animals,0.4947,0.5312,0.0365,0.4694,0.4898,0.0209,0.0254,10
animals/lizzard_mpeg7-02,animals,0.4878,0.5232,0.0354,0.4474,0.483,0.0317,0.0388,10
animals/lizzard_mpeg7-03,animals,0.5314,0.537,0.0056,0.4851,0.5083,0.0254,0.0233,10
animals/lizzard_mpeg7-04,animals,0.4785,0.5123,0.0338,0.4511,0.4829,0.018,0.0238,10
animals/lizzard_mpeg7-05,animals,0.4972,0.513,0.0158,0.4595,0.4888,0.016,0.0157,10
animals/lmfish_mpeg7-01,animals,0.5356,0.5728,0.0372,0.5019,0.5516,0.027,0.0187,10
animals/lmfish_mpeg7-02,animals,0.5976,0.6445,0.0469,0.5611,0.613,0.0265,0.0249,10
animals/lmfish_mpeg7-03,animals,0.5875,0.6005,0.013,0.5313,0.5592,0.0314,0.0305,10
animals/lmfish_mpeg7-04,animals,0.4017,0.447,0.0453,0.3747,0.4069,0.0244,0.0207,15
animals/lmfish_mpeg7-05,animals,0.4093,0.4419,0.0326,0.3764,0.4055,0.0221,0.024,15
animals/octopus_mpeg7-01,animals,0.6518,0.6781,0.0263,0.6181,0.6484,0.022,0.0209,10
animals/octopus_mpeg7-02,animals,0.6307,0.673,0.0423,0.6085,0.635,0.0154,0.0169,10
animals/octopus_mpeg7-03,animals,0.6598,0.6589,-0.0009,0.6273,0.6377,0.0258,0.0181,10
animals/octopus_mpeg7-04,animals,0.6265,0.6609,0.0344,0.6021,0.625,0.0134,0.0199,10
animals/octopus_mpeg7-05,animals,0.6257,0.6669,0.0412,0.6021,0.6389,0.0207,0.0168,10
animals/rat_mpeg7-01,animals,0.6422,0.6683,0.0261,0.6187,0.649,0.012,0.0097,10
animals/rat_mpeg7-02,animals,0.6517,0.6622,0.0105,0.6312,0.6474,0.0138,0.007,10
animals/rat_mpeg7-03,animals,0.6477,0.6691,0.0214,0.6351,0.6492,0.0091,0.0103,10
animals/rat_mpeg7-04,animals,0.6742,0.6762,0.002,0.6452,0.6662,0.0165,0.0071,10
animals/rat_mpeg7-05,animals,0.6532,0.674,0.0208,0.6362,0.6584,0.0079,0.0082,10
animals/ray_mpeg7-01,animals,0.6559,0.6811,0.0252,0.6342,0.6587,0.0161,0.0155,10
animals/ray_mpeg7-02,animals,0.6472,0.6731,0.0259,0.6198,0.6508,0.0166,0.0125,10
animals/ray_mpeg7-03,animals,0.6516,0.6768,0.0252,0.6191,0.6463,0.0171,0.0172,10
animals/ray_mpeg7-04,animals,0.6639,0.696,0.0321,0.6418,0.6777,0.0218,0.0133,10
animals/ray_mpeg7-05,animals,0.6221,0.6449,0.0228,0.5861,0.6214,0.0246,0.0148,10
animals/sea-snake_mpeg7-01,animals,0.3847,0.4453,0.0606,0.3625,0.3894,0.0182,0.0276,15
animals/sea-snake_mpeg7-02,animals,0.4862,0.5477,0.0615,0.4308,0.4608,0.0276,0.0563,10
animals/sea-snake_mpeg7-03,animals,0.6361,0.6534,0.0173,0.5808,0.6189,0.0297,0.0285,10
animals/sea-snake_mpeg7-04,animals,0.5023,0.5208,0.0185,0.4482,0.4745,0.0279,0.0214,15
animals/sea-snake_mpeg7-05,animals,0.5033,0.5497,0.0464,0.4281,0.4991,0.0531,0.064,10
animals/turtle_mpeg7-01,animals,0.5807,0.6076,0.0269,0.5464,0.5792,0.0223,0.0177,10
animals/turtle_mpeg7-02,animals,0.6025,0.6106,0.0081,0.5321,0.5854,0.0286,0.0194,10
animals/turtle_mpeg7-03,animals,0.6602,0.6807,0.0205,0.6334,0.6652,0.0176,0.0102,10
animals/turtle_mpeg7-04,animals,0.5814,0.5956,0.0142,0.5391,0.5605,0.0343,0.0262,10
animals/turtle_mpeg7-05,animals,0.542,0.5773,0.0353,0.5297,0.5539,0.0119,0.017,10
digits/0_dejavusans-bold,digits,0.7235,0.7575,0.034,0.6846,0.7159,0.0392,0.0231,10
digits/0_dejavusansmono-bold,digits,0.6644,0.7148,0.0504,0.639,0.6891,0.0174,0.017,10
digits/0_dejavuserif-bold,digits,0.6903,0.7207,0.0304,0.6453,0.6841,0.0435,0.0234,10
digits/1_dejavusans-bold,digits,0.6866,0.6975,0.0109,0.6483,0.6598,0.0235,0.0187,10
digits/1_dejavusansmono-bold,digits,0.6549,0.7004,0.0455,0.6271,0.6729,0.0181,0.0196,10
digits/1_dejavuserif-bold,digits,0.6997,0.7496,0.0499,0.6718,0.7184,0.0156,0.0139,10
digits/2_dejavusans-bold,digits,0.5868,0.6194,0.0326,0.565,0.5907,0.0149,0.024,10
digits/2_dejavusansmono-bold,digits,0.6018,0.646,0.0442,0.5524,0.6063,0.0274,0.0321,10
digits/2_dejavuserif-bold,digits,0.5791,0.6124,0.0333,0.5391,0.5831,0.0306,0.0205,10
digits/3_dejavusans-bold,digits,0.5917,0.6161,0.0244,0.5465,0.5799,0.0281,0.0269,10
digits/3_dejavusansmono-bold,digits,0.5404,0.5868,0.0464,0.5161,0.5529,0.0134,0.0231,10
digits/3_dejavuserif-bold,digits,0.5367,0.5543,0.0176,0.5061,0.5329,0.0204,0.0126,10
digits/4_dejavusans-bold,digits,0.6104,0.6702,0.0598,0.5954,0.6359,0.0161,0.0211,10
digits/4_dejavusansmono-bold,digits,0.6134,0.6431,0.0297,0.5845,0.6221,0.0191,0.0174,10
digits/4_dejavuserif-bold,digits,0.6183,0.6387,0.0204,0.5774,0.6056,0.0223,0.0149,10
digits/5_dejavusans-bold,digits,0.5887,0.6027,0.014,0.557,0.5794,0.0189,0.0195,10
digits/5_dejavusansmono-bold,digits,0.5821,0.6131,0.031,0.5583,0.5749,0.017,0.0272,10
digits/5_dejavuserif-bold,digits,0.4831,0.5176,0.0345,0.4488,0.4797,0.0289,0.0297,10
digits/6_dejavusans-bold,digits,0.6558,0.697,0.0412,0.6253,0.6695,0.0221,0.02,10
digits/6_dejavusansmono-bold,digits,0.6733,0.706,0.0327,0.6214,0.6577,0.0296,0.0294,10
digits/6_dejavuserif-bold,digits,0.6314,0.6562,0.0248,0.608,0.6418,0.016,0.0126,10
digits/7_dejavusans-bold,digits,0.6861,0.7006,0.0145,0.6496,0.6815,0.0296,0.021,10
digits/7_dejavusansmono-bold,digits,0.676,0.717,0.041,0.6227,0.6755,0.0329,0.0326,10
digits/7_dejavuserif-bold,digits,0.5122,0.5508,0.0386,0.4801,0.5312,0.024,0.014,10
digits/8_dejavusans-bold,digits,0.6388,0.6535,0.0147,0.5982,0.6279,0.0284,0.0138,10
digits/8_dejavusansmono-bold,digits,0.6027,0.6402,0.0375,0.5812,0.6219,0.0228,0.0137,10
digits/8_dejavuserif-bold,digits,0.6189,0.6544,0.0355,0.5869,0.6155,0.0173,0.0232,10
digits/9_dejavusans-bold,digits,0.6394,0.6733,0.0339,0.6036,0.6525,0.0209,0.0177,10
digits/9_dejavusansmono-bold,digits,0.6385,0.6586,0.0201,0.6106,0.642,0.0181,0.0124,10
digits/9_dejavuserif-bold,digits,0.613,0.6343,0.0213,0.5759,0.5956,0.0245,0.0209,10
figures/children_mpeg7-01,figures,0.7065,0.7222,0.0157,0.6744,0.7025,0.0243,0.0139,10
figures/children_mpeg7-02,figures,0.7008,0.7223,0.0215,0.6741,0.7011,0.0231,0.0128,10
figures/children_mpeg7-03,figures,0.7032,0.7263,0.0231,0.6832,0.7074,0.0182,0.0113,10
figures/children_mpeg7-04,figures,0.7001,0.722,0.0219,0.6814,0.7109,0.0154,0.0091,10
figures/children_mpeg7-05,figures,0.7048,0.7132,0.0084,0.6753,0.7021,0.0203,0.0093,10
figures/face_mpeg7-01,figures,0.7997,0.8124,0.0127,0.7619,0.788,0.0192,0.0157,10
figures/face_mpeg7-02,figures,0.7891,0.8184,0.0293,0.7595,0.7925,0.0162,0.0161,10
figures/face_mpeg7-03,figures,0.789,0.8129,0.0239,0.7609,0.782,0.0182,0.0137,10
figures/face_mpeg7-04,figures,0.7771,0.8037,0.0266,0.7531,0.7808,0.0149,0.0121,10
figures/face_mpeg7-05,figures,0.7627,0.8104,0.0477,0.7339,0.7742,0.0176,0.0154,10
hand_shadow/bird_hasper-01,hand_shadow,0.5955,0.6521,0.0566,0.5459,0.5871,0.0248,0.0357,10
hand_shadow/chicken_hasper-01,hand_shadow,0.7699,0.7859,0.016,0.7252,0.7452,0.0194,0.0179,10
hand_shadow/crab_hasper-01,hand_shadow,0.5695,0.5908,0.0213,0.5439,0.5667,0.0132,0.0251,10
hand_shadow/deer_hasper-01,hand_shadow,0.5407,0.5694,0.0287,0.52,0.5479,0.0129,0.0109,10
hand_shadow/dog_hasper-01,hand_shadow,0.6496,0.6477,-0.0019,0.6067,0.6138,0.0283,0.0193,10
hand_shadow/elephant_hasper-01,hand_shadow,0.5241,0.5722,0.0481,0.4755,0.5285,0.0351,0.04,10
hand_shadow/elephant_hasper-02,hand_shadow,0.5551,0.5788,0.0237,0.4644,0.5286,0.0398,0.0368,10
hand_shadow/moose_hasper-01,hand_shadow,0.6443,0.6775,0.0332,0.602,0.6393,0.0327,0.0261,10
hand_shadow/rabbit_hasper-01,hand_shadow,0.5677,0.5919,0.0242,0.5494,0.5663,0.0193,0.0238,10
hand_shadow/snail_hasper-01,hand_shadow,0.6683,0.7167,0.0484,0.6435,0.6941,0.0221,0.0173,10
letters_lower/a_dejavusans-bold,letters_lower,0.5692,0.6238,0.0546,0.5458,0.5796,0.0129,0.0218,10
letters_lower/a_dejavusansmono-bold,letters_lower,0.5919,0.6499,0.058,0.5619,0.5875,0.0183,0.0314,10
letters_lower/a_dejavuserif-bold,letters_lower,0.5618,0.6086,0.0468,0.5325,0.5697,0.0192,0.0249,10
letters_lower/b_dejavusans-bold,letters_lower,0.7171,0.7399,0.0228,0.6635,0.6962,0.0299,0.0221,10
letters_lower/b_dejavusansmono-bold,letters_lower,0.7034,0.7299,0.0265,0.6719,0.7058,0.0164,0.0169,10
letters_lower/b_dejavuserif-bold,letters_lower,0.675,0.7125,0.0375,0.6354,0.6783,0.0285,0.0196,10
letters_lower/c_dejavusans-bold,letters_lower,0.704,0.7126,0.0086,0.6533,0.6796,0.035,0.0254,10
letters_lower/c_dejavusansmono-bold,letters_lower,0.6732,0.7159,0.0427,0.6523,0.686,0.0162,0.0176,10
letters_lower/c_dejavuserif-bold,letters_lower,0.6148,0.658,0.0432,0.5926,0.6297,0.0167,0.0277,10
letters_lower/d_dejavusans-bold,letters_lower,0.7137,0.7274,0.0137,0.6565,0.6828,0.0248,0.0188,10
letters_lower/d_dejavusansmono-bold,letters_lower,0.704,0.7329,0.0289,0.6628,0.6852,0.0372,0.0243,10
letters_lower/d_dejavuserif-bold,letters_lower,0.6737,0.6829,0.0092,0.6043,0.6352,0.0329,0.0287,10
letters_lower/e_dejavusans-bold,letters_lower,0.5825,0.6232,0.0407,0.5604,0.5992,0.0193,0.0163,10
letters_lower/e_dejavusansmono-bold,letters_lower,0.592,0.6031,0.0111,0.5544,0.5847,0.0161,0.0136,10
letters_lower/e_dejavuserif-bold,letters_lower,0.5687,0.5913,0.0226,0.545,0.5705,0.019,0.0173,10
letters_lower/f_dejavusans-bold,letters_lower,0.7186,0.7527,0.0341,0.7026,0.7323,0.0134,0.0137,10
letters_lower/f_dejavusansmono-bold,letters_lower,0.6554,0.6929,0.0375,0.6296,0.6687,0.0215,0.0136,10
letters_lower/f_dejavuserif-bold,letters_lower,0.6868,0.6976,0.0108,0.6577,0.6752,0.0161,0.0121,10
letters_lower/g_dejavusans-bold,letters_lower,0.6367,0.6788,0.0421,0.6113,0.6444,0.0159,0.0214,10
letters_lower/g_dejavusansmono-bold,letters_lower,0.6534,0.6782,0.0248,0.6309,0.6544,0.015,0.013,10
letters_lower/g_dejavuserif-bold,letters_lower,0.625,0.6382,0.0132,0.5873,0.6227,0.0238,0.0158,10
letters_lower/h_dejavusans-bold,letters_lower,0.6979,0.7221,0.0242,0.6492,0.6648,0.0297,0.0357,10
letters_lower/h_dejavusansmono-bold,letters_lower,0.6833,0.7038,0.0205,0.6437,0.6683,0.0284,0.0197,10
letters_lower/h_dejavuserif-bold,letters_lower,0.6872,0.7131,0.0259,0.6237,0.6661,0.0318,0.0292,10
letters_lower/i_dejavusans-bold,letters_lower,0.6885,0.7104,0.0219,0.65,0.6778,0.0289,0.0282,10
letters_lower/i_dejavusansmono-bold,letters_lower,0.5924,0.6441,0.0517,0.5601,0.6057,0.0191,0.0195,10
letters_lower/i_dejavuserif-bold,letters_lower,0.6624,0.6899,0.0275,0.6389,0.6695,0.0123,0.0225,10
letters_lower/j_dejavusans-bold,letters_lower,0.6503,0.6881,0.0378,0.6138,0.6504,0.0327,0.0403,10
letters_lower/j_dejavusansmono-bold,letters_lower,0.6172,0.5886,-0.0286,0.518,0.5365,0.0449,0.0291,10
letters_lower/j_dejavuserif-bold,letters_lower,0.5964,0.6275,0.0311,0.567,0.5878,0.0242,0.0375,10
letters_lower/k_dejavusans-bold,letters_lower,0.6438,0.7032,0.0594,0.6119,0.6548,0.0178,0.0319,10
letters_lower/k_dejavusansmono-bold,letters_lower,0.6633,0.6652,0.0019,0.622,0.6339,0.0246,0.0201,10
letters_lower/k_dejavuserif-bold,letters_lower,0.6096,0.6736,0.064,0.5761,0.6204,0.0172,0.0236,10
letters_lower/l_dejavusans-bold,letters_lower,0.7401,0.7675,0.0274,0.7211,0.7504,0.0108,0.0108,10
letters_lower/l_dejavusansmono-bold,letters_lower,0.6881,0.7006,0.0125,0.6386,0.6632,0.0334,0.0264,10
letters_lower/l_dejavuserif-bold,letters_lower,0.7423,0.7485,0.0062,0.7076,0.7332,0.0187,0.0123,10
letters_lower/m_dejavusans-bold,letters_lower,0.5309,0.551,0.0201,0.4828,0.5129,0.021,0.025,10
letters_lower/m_dejavusansmono-bold,letters_lower,0.5847,0.606,0.0213,0.5493,0.5716,0.0308,0.0327,10
letters_lower/m_dejavuserif-bold,letters_lower,0.5054,0.5347,0.0293,0.461,0.5007,0.0285,0.025,10
letters_lower/n_dejavusans-bold,letters_lower,0.6316,0.6692,0.0376,0.5996,0.6382,0.0222,0.0211,10
letters_lower/n_dejavusansmono-bold,letters_lower,0.6748,0.6833,0.0085,0.6163,0.6561,0.0307,0.0264,10
letters_lower/n_dejavuserif-bold,letters_lower,0.5996,0.6192,0.0196,0.5735,0.6016,0.0158,0.011,10
letters_lower/o_dejavusans-bold,letters_lower,0.6965,0.7294,0.0329,0.6477,0.6883,0.0307,0.0258,10
letters_lower/o_dejavusansmono-bold,letters_lower,0.7232,0.7297,0.0065,0.6627,0.6989,0.0295,0.026,10
letters_lower/o_dejavuserif-bold,letters_lower,0.6751,0.6863,0.0112,0.618,0.6503,0.0328,0.0213,10
letters_lower/p_dejavusans-bold,letters_lower,0.6716,0.6824,0.0108,0.6231,0.6477,0.0255,0.027,10
letters_lower/p_dejavusansmono-bold,letters_lower,0.6554,0.7024,0.047,0.6319,0.6731,0.0149,0.017,10
letters_lower/p_dejavuserif-bold,letters_lower,0.6474,0.6797,0.0323,0.6097,0.655,0.0204,0.0213,10
letters_lower/q_dejavusans-bold,letters_lower,0.5897,0.6224,0.0327,0.5555,0.595,0.029,0.0144,10
letters_lower/q_dejavusansmono-bold,letters_lower,0.6,0.625,0.025,0.5782,0.6014,0.0121,0.0171,10
letters_lower/q_dejavuserif-bold,letters_lower,0.6076,0.631,0.0234,0.564,0.5937,0.0253,0.0248,10
letters_lower/r_dejavusans-bold,letters_lower,0.7905,0.7987,0.0082,0.7552,0.7718,0.0193,0.0156,10
letters_lower/r_dejavusansmono-bold,letters_lower,0.7405,0.7631,0.0226,0.7197,0.7386,0.0176,0.0156,10
letters_lower/r_dejavuserif-bold,letters_lower,0.6735,0.6949,0.0214,0.6463,0.66,0.0163,0.0225,10
letters_lower/s_dejavusans-bold,letters_lower,0.5652,0.5989,0.0337,0.5467,0.571,0.0117,0.0185,10
letters_lower/s_dejavusansmono-bold,letters_lower,0.5809,0.5973,0.0164,0.5508,0.5676,0.0191,0.0167,10
letters_lower/s_dejavuserif-bold,letters_lower,0.5357,0.5887,0.053,0.4927,0.542,0.0273,0.0201,10
letters_lower/t_dejavusans-bold,letters_lower,0.6934,0.7171,0.0237,0.6744,0.7007,0.0112,0.0083,10
letters_lower/t_dejavusansmono-bold,letters_lower,0.6552,0.6832,0.028,0.6318,0.6531,0.0182,0.0179,10
letters_lower/t_dejavuserif-bold,letters_lower,0.6999,0.7332,0.0333,0.6765,0.7,0.0158,0.013,10
letters_lower/u_dejavusans-bold,letters_lower,0.6722,0.6969,0.0247,0.62,0.6645,0.0225,0.0186,10
letters_lower/u_dejavusansmono-bold,letters_lower,0.7161,0.728,0.0119,0.6468,0.6959,0.0386,0.0235,10
letters_lower/u_dejavuserif-bold,letters_lower,0.6078,0.6332,0.0254,0.5754,0.6098,0.0196,0.0195,10
letters_lower/v_dejavusans-bold,letters_lower,0.7126,0.7475,0.0349,0.6901,0.72,0.0151,0.0229,10
letters_lower/v_dejavusansmono-bold,letters_lower,0.7182,0.7531,0.0349,0.6983,0.7327,0.0161,0.0096,10
letters_lower/v_dejavuserif-bold,letters_lower,0.638,0.668,0.03,0.6116,0.6516,0.0192,0.0145,10
letters_lower/w_dejavusans-bold,letters_lower,0.5607,0.5812,0.0205,0.5224,0.5437,0.0236,0.0206,10
letters_lower/w_dejavusansmono-bold,letters_lower,0.5938,0.6338,0.04,0.5563,0.5981,0.0249,0.0379,10
letters_lower/w_dejavuserif-bold,letters_lower,0.486,0.5319,0.0459,0.468,0.4993,0.0132,0.0238,10
letters_lower/x_dejavusans-bold,letters_lower,0.5779,0.6259,0.048,0.5477,0.5843,0.0223,0.03,10
letters_lower/x_dejavusansmono-bold,letters_lower,0.5996,0.6314,0.0318,0.5511,0.595,0.026,0.0231,10
letters_lower/x_dejavuserif-bold,letters_lower,0.5321,0.6005,0.0684,0.4989,0.5352,0.0334,0.0331,10
letters_lower/y_dejavusans-bold,letters_lower,0.7035,0.7375,0.034,0.6749,0.7177,0.018,0.0133,10
letters_lower/y_dejavusansmono-bold,letters_lower,0.6996,0.7283,0.0287,0.6542,0.6855,0.028,0.0274,10
letters_lower/y_dejavuserif-bold,letters_lower,0.5752,0.6026,0.0274,0.5506,0.5771,0.0182,0.0147,10
letters_lower/z_dejavusans-bold,letters_lower,0.5865,0.6025,0.016,0.5686,0.5861,0.0127,0.0137,10
letters_lower/z_dejavusansmono-bold,letters_lower,0.5923,0.6525,0.0602,0.5551,0.5877,0.0194,0.0307,10
letters_lower/z_dejavuserif-bold,letters_lower,0.5793,0.6193,0.04,0.5558,0.5877,0.0182,0.0175,10
letters_upper/A_dejavusans-bold,letters_upper,0.5945,0.6408,0.0463,0.56,0.5927,0.0225,0.0237,10
letters_upper/A_dejavusansmono-bold,letters_upper,0.6054,0.6719,0.0665,0.5842,0.6337,0.0162,0.0202,10
letters_upper/A_dejavuserif-bold,letters_upper,0.5104,0.585,0.0746,0.4882,0.5403,0.0181,0.0327,10
letters_upper/B_dejavusans-bold,letters_upper,0.6746,0.6912,0.0166,0.6094,0.6484,0.0293,0.0328,10
letters_upper/B_dejavusansmono-bold,letters_upper,0.6474,0.688,0.0406,0.6118,0.6542,0.0231,0.0187,10
letters_upper/B_dejavuserif-bold,letters_upper,0.5741,0.6119,0.0378,0.5518,0.5966,0.011,0.0104,10
letters_upper/C_dejavusans-bold,letters_upper,0.6887,0.7061,0.0174,0.61,0.6673,0.0366,0.0204,10
letters_upper/C_dejavusansmono-bold,letters_upper,0.6589,0.711,0.0521,0.6235,0.6686,0.0233,0.034,10
letters_upper/C_dejavuserif-bold,letters_upper,0.5885,0.6082,0.0197,0.5615,0.5718,0.0251,0.0266,10
letters_upper/D_dejavusans-bold,letters_upper,0.6557,0.7022,0.0465,0.6325,0.674,0.0153,0.0184,10
letters_upper/D_dejavusansmono-bold,letters_upper,0.7277,0.7511,0.0234,0.6804,0.7283,0.0265,0.0129,10
letters_upper/D_dejavuserif-bold,letters_upper,0.6493,0.6485,-0.0008,0.5968,0.6193,0.026,0.0214,10
letters_upper/E_dejavusans-bold,letters_upper,0.647,0.6745,0.0275,0.5938,0.6146,0.0186,0.0322,10
letters_upper/E_dejavusansmono-bold,letters_upper,0.6268,0.6704,0.0436,0.5829,0.6199,0.0312,0.0349,10
letters_upper/E_dejavuserif-bold,letters_upper,0.5865,0.6138,0.0273,0.5451,0.5677,0.0254,0.0284,10
letters_upper/F_dejavusans-bold,letters_upper,0.6613,0.7074,0.0461,0.6289,0.6802,0.0216,0.015,10
letters_upper/F_dejavusansmono-bold,letters_upper,0.6378,0.6868,0.049,0.6059,0.6622,0.0292,0.0175,10
letters_upper/F_dejavuserif-bold,letters_upper,0.6197,0.6526,0.0329,0.6007,0.623,0.0097,0.0202,10
letters_upper/G_dejavusans-bold,letters_upper,0.6347,0.6694,0.0347,0.5764,0.6221,0.031,0.0265,10
letters_upper/G_dejavusansmono-bold,letters_upper,0.6558,0.6976,0.0418,0.6185,0.6514,0.0252,0.0282,10
letters_upper/G_dejavuserif-bold,letters_upper,0.5641,0.598,0.0339,0.52,0.5493,0.0292,0.0187,10
letters_upper/H_dejavusans-bold,letters_upper,0.5908,0.6321,0.0413,0.5392,0.5854,0.0279,0.0287,10
letters_upper/H_dejavusansmono-bold,letters_upper,0.6401,0.7108,0.0707,0.5998,0.6422,0.0255,0.0286,10
letters_upper/H_dejavuserif-bold,letters_upper,0.5553,0.5804,0.0251,0.5219,0.5441,0.0177,0.0229,10
letters_upper/I_dejavusans-bold,letters_upper,0.7578,0.791,0.0332,0.7383,0.7756,0.0156,0.0113,10
letters_upper/I_dejavusansmono-bold,letters_upper,0.6495,0.7031,0.0536,0.6313,0.6695,0.0122,0.0174,10
letters_upper/I_dejavuserif-bold,letters_upper,0.7269,0.7549,0.028,0.7062,0.7283,0.0163,0.0179,10
letters_upper/J_dejavusans-bold,letters_upper,0.7212,0.7447,0.0235,0.6589,0.6969,0.0484,0.0308,10
letters_upper/J_dejavusansmono-bold,letters_upper,0.6206,0.6781,0.0575,0.5804,0.622,0.0351,0.0247,10
letters_upper/J_dejavuserif-bold,letters_upper,0.6494,0.6793,0.0299,0.6088,0.6522,0.021,0.0147,10
letters_upper/K_dejavusans-bold,letters_upper,0.605,0.6392,0.0342,0.5646,0.6023,0.03,0.0194,10
letters_upper/K_dejavusansmono-bold,letters_upper,0.6355,0.6545,0.019,0.5922,0.6142,0.0245,0.0226,10
letters_upper/K_dejavuserif-bold,letters_upper,0.5548,0.5885,0.0337,0.5167,0.5468,0.0219,0.0281,10
letters_upper/L_dejavusans-bold,letters_upper,0.7706,0.7993,0.0287,0.7293,0.748,0.0261,0.0353,10
letters_upper/L_dejavusansmono-bold,letters_upper,0.7327,0.7778,0.0451,0.7157,0.7445,0.0165,0.0262,10
letters_upper/L_dejavuserif-bold,letters_upper,0.7201,0.7608,0.0407,0.6727,0.7175,0.0286,0.0295,10
letters_upper/M_dejavusans-bold,letters_upper,0.5503,0.5896,0.0393,0.5178,0.5509,0.0206,0.0204,10
letters_upper/M_dejavusansmono-bold,letters_upper,0.5726,0.5915,0.0189,0.5299,0.5673,0.0311,0.0225,10
letters_upper/M_dejavuserif-bold,letters_upper,0.4519,0.4809,0.029,0.4315,0.4545,0.0174,0.0175,15
letters_upper/N_dejavusans-bold,letters_upper,0.5987,0.6563,0.0576,0.5668,0.615,0.019,0.0285,10
letters_upper/N_dejavusansmono-bold,letters_upper,0.6411,0.6729,0.0318,0.601,0.6395,0.0278,0.0209,10
letters_upper/N_dejavuserif-bold,letters_upper,0.4721,0.497,0.0249,0.4352,0.4611,0.0218,0.021,15
letters_upper/O_dejavusans-bold,letters_upper,0.6695,0.7018,0.0323,0.6367,0.6722,0.0221,0.0245,10
letters_upper/O_dejavusansmono-bold,letters_upper,0.7139,0.7573,0.0434,0.6753,0.7179,0.0226,0.0222,10
letters_upper/O_dejavuserif-bold,letters_upper,0.6295,0.6515,0.022,0.5815,0.6293,0.0323,0.0154,10
letters_upper/P_dejavusans-bold,letters_upper,0.6217,0.6803,0.0586,0.5834,0.6249,0.0307,0.0284,10
letters_upper/P_dejavusansmono-bold,letters_upper,0.6554,0.6803,0.0249,0.6121,0.6561,0.028,0.0151,10
letters_upper/P_dejavuserif-bold,letters_upper,0.6053,0.6375,0.0322,0.5856,0.6155,0.0135,0.0153,10
letters_upper/Q_dejavusans-bold,letters_upper,0.6522,0.6542,0.002,0.5939,0.6299,0.0272,0.0133,10
letters_upper/Q_dejavusansmono-bold,letters_upper,0.643,0.6704,0.0274,0.6082,0.6431,0.0187,0.0225,10
letters_upper/Q_dejavuserif-bold,letters_upper,0.5868,0.6249,0.0381,0.5578,0.5943,0.0183,0.0216,10
letters_upper/R_dejavusans-bold,letters_upper,0.5701,0.648,0.0779,0.5559,0.5956,0.0113,0.0269,10
letters_upper/R_dejavusansmono-bold,letters_upper,0.6005,0.6388,0.0383,0.5615,0.6168,0.0221,0.014,10
letters_upper/R_dejavuserif-bold,letters_upper,0.5591,0.611,0.0519,0.5372,0.5732,0.0167,0.0248,10
letters_upper/S_dejavusans-bold,letters_upper,0.5831,0.5812,-0.0019,0.5508,0.5627,0.0202,0.0188,10
letters_upper/S_dejavusansmono-bold,letters_upper,0.5717,0.5986,0.0269,0.5459,0.5719,0.022,0.014,10
letters_upper/S_dejavuserif-bold,letters_upper,0.5174,0.5457,0.0283,0.4943,0.5255,0.023,0.0172,10
letters_upper/T_dejavusans-bold,letters_upper,0.6762,0.7051,0.0289,0.6413,0.6771,0.0218,0.0186,10
letters_upper/T_dejavusansmono-bold,letters_upper,0.6671,0.6777,0.0106,0.6304,0.6625,0.0185,0.0158,10
letters_upper/T_dejavuserif-bold,letters_upper,0.6271,0.6531,0.026,0.6086,0.6347,0.014,0.014,10
letters_upper/U_dejavusans-bold,letters_upper,0.6857,0.7155,0.0298,0.6411,0.6873,0.0273,0.0138,10
letters_upper/U_dejavusansmono-bold,letters_upper,0.6924,0.7199,0.0275,0.6575,0.6856,0.0283,0.0266,10
letters_upper/U_dejavuserif-bold,letters_upper,0.5488,0.5833,0.0345,0.5173,0.5405,0.0199,0.0259,10
letters_upper/V_dejavusans-bold,letters_upper,0.7227,0.7752,0.0525,0.6964,0.7474,0.0215,0.0153,10
letters_upper/V_dejavusansmono-bold,letters_upper,0.7318,0.7482,0.0164,0.7021,0.7322,0.0189,0.0126,10
letters_upper/V_dejavuserif-bold,letters_upper,0.6153,0.6582,0.0429,0.5924,0.6334,0.0154,0.018,10
letters_upper/W_dejavusans-bold,letters_upper,0.53,0.5779,0.0479,0.5125,0.5474,0.0123,0.0172,10
letters_upper/W_dejavusansmono-bold,letters_upper,0.6409,0.6571,0.0162,0.6005,0.6357,0.0203,0.0204,10
letters_upper/W_dejavuserif-bold,letters_upper,0.4774,0.5049,0.0275,0.4589,0.4839,0.0102,0.0126,10
letters_upper/X_dejavusans-bold,letters_upper,0.6214,0.6308,0.0094,0.5329,0.5806,0.0385,0.0297,10
letters_upper/X_dejavusansmono-bold,letters_upper,0.6288,0.6521,0.0233,0.5599,0.599,0.0284,0.0278,10
letters_upper/X_dejavuserif-bold,letters_upper,0.499,0.5557,0.0567,0.4823,0.5201,0.0097,0.0184,10
letters_upper/Y_dejavusans-bold,letters_upper,0.7377,0.7799,0.0422,0.7056,0.7463,0.0191,0.0181,10
letters_upper/Y_dejavusansmono-bold,letters_upper,0.7189,0.7468,0.0279,0.6904,0.7046,0.0232,0.0329,10
letters_upper/Y_dejavuserif-bold,letters_upper,0.7006,0.7121,0.0115,0.6517,0.6838,0.0187,0.0223,10
letters_upper/Z_dejavusans-bold,letters_upper,0.5894,0.6342,0.0448,0.5502,0.5846,0.0171,0.0261,10
letters_upper/Z_dejavusansmono-bold,letters_upper,0.6311,0.663,0.0319,0.5699,0.618,0.0294,0.0321,10
letters_upper/Z_dejavuserif-bold,letters_upper,0.5828,0.6282,0.0454,0.5564,0.5879,0.021,0.0187,10
objects/apple_mpeg7-01,objects,0.71,0.7412,0.0312,0.6849,0.7035,0.0172,0.0232,10
objects/apple_mpeg7-02,objects,0.6755,0.6785,0.003,0.6328,0.6605,0.0208,0.0158,10
objects/apple_mpeg7-03,objects,0.6882,0.7522,0.064,0.6669,0.6936,0.0233,0.0263,10
objects/apple_mpeg7-04,objects,0.6884,0.7193,0.0309,0.6522,0.6795,0.0214,0.0247,10
objects/apple_mpeg7-05,objects,0.7034,0.7532,0.0498,0.6662,0.6997,0.0241,0.0337,10
objects/bell_mpeg7-01,objects,0.7351,0.7644,0.0293,0.7165,0.734,0.0162,0.0271,10
objects/bell_mpeg7-02,objects,0.7461,0.7642,0.0181,0.6946,0.7212,0.0354,0.03,10
objects/bell_mpeg7-03,objects,0.7448,0.7924,0.0476,0.7168,0.7553,0.0229,0.0148,10
objects/bell_mpeg7-04,objects,0.7581,0.7836,0.0255,0.7204,0.739,0.0256,0.0284,10
objects/bell_mpeg7-05,objects,0.7293,0.7817,0.0524,0.6907,0.7311,0.0226,0.0225,10
objects/bottle_mpeg7-01,objects,0.7259,0.7718,0.0459,0.6817,0.7211,0.0307,0.0348,10
objects/bottle_mpeg7-02,objects,0.754,0.7732,0.0192,0.7167,0.7365,0.0295,0.0325,10
objects/bottle_mpeg7-03,objects,0.6962,0.7304,0.0342,0.6675,0.7037,0.0235,0.0139,10
objects/bottle_mpeg7-04,objects,0.7317,0.7431,0.0114,0.6778,0.7244,0.0256,0.0167,10
objects/bottle_mpeg7-05,objects,0.7156,0.7367,0.0211,0.6614,0.6976,0.0359,0.0342,10
objects/brick_mpeg7-01,objects,0.5778,0.6077,0.0299,0.5345,0.5712,0.0316,0.026,10
objects/brick_mpeg7-02,objects,0.5881,0.6173,0.0292,0.5318,0.5709,0.0357,0.0343,10
objects/brick_mpeg7-03,objects,0.5938,0.6228,0.029,0.5625,0.5817,0.0275,0.0223,10
objects/brick_mpeg7-04,objects,0.5774,0.5875,0.0101,0.5152,0.5416,0.0315,0.0376,10
objects/brick_mpeg7-05,objects,0.5937,0.642,0.0483,0.5521,0.5884,0.0256,0.036,10
objects/cellular-phone_mpeg7-01,objects,0.5815,0.612,0.0305,0.5287,0.556,0.0374,0.038,10
objects/cellular-phone_mpeg7-02,objects,0.5848,0.6068,0.022,0.5255,0.5457,0.0418,0.0434,10
objects/cellular-phone_mpeg7-03,objects,0.502,0.5541,0.0521,0.461,0.5051,0.0349,0.0325,10
objects/cellular-phone_mpeg7-04,objects,0.5595,0.586,0.0265,0.51,0.5454,0.0409,0.032,10
objects/cellular-phone_mpeg7-05,objects,0.5764,0.5804,0.004,0.5162,0.5464,0.0287,0.0249,10
objects/crown_mpeg7-01,objects,0.6446,0.6504,0.0058,0.6024,0.6347,0.0213,0.0138,10
objects/crown_mpeg7-02,objects,0.6325,0.6696,0.0371,0.5856,0.6216,0.0297,0.0321,10
objects/crown_mpeg7-03,objects,0.578,0.5923,0.0143,0.5268,0.5622,0.0227,0.0215,10
objects/crown_mpeg7-04,objects,0.6297,0.6555,0.0258,0.5955,0.6285,0.0274,0.0243,10
objects/crown_mpeg7-05,objects,0.5865,0.6321,0.0456,0.5496,0.5843,0.0335,0.031,10
objects/cup_mpeg7-01,objects,0.6857,0.7271,0.0414,0.6668,0.7082,0.0142,0.0144,10
objects/cup_mpeg7-02,objects,0.7271,0.7651,0.038,0.6894,0.7206,0.0284,0.0242,10
objects/cup_mpeg7-03,objects,0.7159,0.7509,0.035,0.6915,0.7294,0.0166,0.0172,10
objects/cup_mpeg7-04,objects,0.6821,0.7261,0.044,0.6304,0.6683,0.0273,0.0319,10
objects/cup_mpeg7-05,objects,0.6957,0.7405,0.0448,0.665,0.7085,0.0248,0.0206,10
objects/fork_mpeg7-01,objects,0.4134,0.4353,0.0219,0.3888,0.4179,0.0211,0.0158,15
objects/fork_mpeg7-02,objects,0.3856,0.4064,0.0208,0.3702,0.3837,0.0085,0.011,15
objects/fork_mpeg7-03,objects,0.3944,0.3903,-0.0041,0.3515,0.3712,0.0169,0.0109,15
objects/fork_mpeg7-04,objects,0.3308,0.3603,0.0295,0.3135,0.332,0.0155,0.0176,15
objects/fork_mpeg7-05,objects,0.2713,0.278,0.0067,0.2513,0.2651,0.0091,0.0075,15
objects/fountain_mpeg7-01,objects,0.658,0.7108,0.0528,0.624,0.6656,0.0214,0.0267,10
objects/fountain_mpeg7-02,objects,0.6654,0.6783,0.0129,0.5952,0.6302,0.0294,0.0226,10
objects/fountain_mpeg7-03,objects,0.668,0.6892,0.0212,0.6212,0.6456,0.0254,0.0272,10
objects/fountain_mpeg7-04,objects,0.6473,0.6898,0.0425,0.6141,0.6464,0.0247,0.0326,10
objects/fountain_mpeg7-05,objects,0.6677,0.6825,0.0148,0.6247,0.6536,0.0245,0.0166,10
objects/glas_mpeg7-01,objects,0.6332,0.6764,0.0432,0.6095,0.6357,0.0173,0.0268,10
objects/glas_mpeg7-02,objects,0.6969,0.7079,0.011,0.6327,0.667,0.025,0.0222,10
objects/glas_mpeg7-03,objects,0.6406,0.688,0.0474,0.6148,0.656,0.0148,0.0231,10
objects/glas_mpeg7-04,objects,0.6571,0.6861,0.029,0.6186,0.6605,0.0269,0.0193,10
objects/glas_mpeg7-05,objects,0.6361,0.6451,0.009,0.5961,0.6263,0.0175,0.0145,10
objects/guitar_mpeg7-01,objects,0.646,0.6585,0.0125,0.6045,0.6256,0.032,0.0304,10
objects/guitar_mpeg7-02,objects,0.5477,0.5729,0.0252,0.516,0.542,0.0187,0.0225,10
objects/guitar_mpeg7-03,objects,0.3005,0.3251,0.0246,0.2719,0.2923,0.0172,0.0167,15
objects/guitar_mpeg7-04,objects,0.5882,0.643,0.0548,0.5615,0.6033,0.0292,0.031,10
objects/guitar_mpeg7-05,objects,0.5182,0.5661,0.0479,0.4873,0.5341,0.0204,0.0176,10
objects/hammer_mpeg7-01,objects,0.3143,0.3194,0.0051,0.2683,0.2919,0.0282,0.0148,15
objects/hammer_mpeg7-02,objects,0.2911,0.3297,0.0386,0.2545,0.2805,0.0266,0.0229,15
objects/hammer_mpeg7-03,objects,0.2756,0.2977,0.0221,0.2458,0.2697,0.0216,0.0173,15
objects/hammer_mpeg7-04,objects,0.507,0.5295,0.0225,0.4819,0.513,0.0158,0.0116,10
objects/hammer_mpeg7-05,objects,0.386,0.4126,0.0266,0.34,0.3782,0.0338,0.0261,15
objects/hat_mpeg7-01,objects,0.6344,0.6676,0.0332,0.6011,0.6286,0.0176,0.0213,10
objects/hat_mpeg7-02,objects,0.6569,0.677,0.0201,0.5996,0.6348,0.0375,0.0209,10
objects/hat_mpeg7-03,objects,0.6976,0.7071,0.0095,0.655,0.6872,0.0228,0.0151,10
objects/hat_mpeg7-04,objects,0.6599,0.6962,0.0363,0.6203,0.6535,0.0284,0.0264,10
objects/hat_mpeg7-05,objects,0.6301,0.6426,0.0125,0.5867,0.6179,0.026,0.0183,10
objects/horseshoe_mpeg7-01,objects,0.5746,0.6257,0.0511,0.5425,0.5828,0.0183,0.0292,10
objects/horseshoe_mpeg7-02,objects,0.579,0.6162,0.0372,0.5389,0.5798,0.0279,0.0205,10
objects/horseshoe_mpeg7-03,objects,0.5118,0.5643,0.0525,0.4688,0.5245,0.037,0.0372,10
objects/horseshoe_mpeg7-04,objects,0.6783,0.7101,0.0318,0.6119,0.6697,0.0445,0.0242,10
objects/horseshoe_mpeg7-05,objects,0.4492,0.5116,0.0624,0.4266,0.4617,0.0142,0.0224,15
objects/jar_mpeg7-01,objects,0.8027,0.826,0.0233,0.7684,0.7916,0.0171,0.018,10
objects/jar_mpeg7-02,objects,0.6772,0.6851,0.0079,0.6211,0.651,0.0239,0.0208,10
objects/jar_mpeg7-03,objects,0.6612,0.6925,0.0313,0.6271,0.6523,0.0242,0.0236,10
objects/jar_mpeg7-04,objects,0.8069,0.8311,0.0242,0.7713,0.7993,0.0208,0.0161,10
objects/jar_mpeg7-05,objects,0.8148,0.8267,0.0119,0.7704,0.8012,0.023,0.014,10
objects/key_mpeg7-01,objects,0.5568,0.5654,0.0086,0.5187,0.5392,0.0267,0.0215,10
objects/key_mpeg7-02,objects,0.5892,0.6218,0.0326,0.5541,0.5857,0.0186,0.0258,10
objects/key_mpeg7-03,objects,0.5254,0.5668,0.0414,0.4988,0.532,0.0178,0.0175,10
objects/key_mpeg7-04,objects,0.5644,0.6053,0.0409,0.533,0.5711,0.0198,0.0203,10
objects/key_mpeg7-05,objects,0.5184,0.554,0.0356,0.4869,0.5149,0.0191,0.0264,10
objects/pencil_mpeg7-01,objects,0.4598,0.4601,0.0003,0.38,0.4295,0.0415,0.0282,15
objects/pencil_mpeg7-02,objects,0.2732,0.3258,0.0526,0.2414,0.2685,0.0219,0.0298,15
objects/pencil_mpeg7-03,objects,0.4077,0.4529,0.0452,0.369,0.4216,0.0252,0.0246,15
objects/pencil_mpeg7-04,objects,0.3477,0.3826,0.0349,0.3076,0.3319,0.028,0.0267,15
objects/pencil_mpeg7-05,objects,0.3849,0.4315,0.0466,0.3668,0.4038,0.0149,0.0226,15
objects/pocket_mpeg7-01,objects,0.5417,0.5689,0.0272,0.5256,0.5517,0.016,0.0115,10
objects/pocket_mpeg7-02,objects,0.5304,0.55,0.0196,0.4925,0.5221,0.0309,0.0183,10
objects/pocket_mpeg7-03,objects,0.6629,0.6846,0.0217,0.6268,0.6618,0.0351,0.0142,10
objects/pocket_mpeg7-04,objects,0.5412,0.561,0.0198,0.5054,0.5257,0.0243,0.0212,10
objects/pocket_mpeg7-05,objects,0.4353,0.461,0.0257,0.4167,0.4429,0.0163,0.0141,15
objects/shoe_mpeg7-01,objects,0.5987,0.6547,0.056,0.5358,0.5866,0.0402,0.0348,10
objects/shoe_mpeg7-02,objects,0.5746,0.6683,0.0937,0.5359,0.599,0.0251,0.0439,10
objects/shoe_mpeg7-03,objects,0.5924,0.6107,0.0183,0.5282,0.5774,0.0429,0.0293,10
objects/shoe_mpeg7-04,objects,0.5977,0.6254,0.0277,0.5485,0.6047,0.0362,0.0166,10
objects/shoe_mpeg7-05,objects,0.6043,0.6323,0.028,0.554,0.5819,0.0329,0.032,10
objects/spoon_mpeg7-01,objects,0.384,0.438,0.054,0.3416,0.3772,0.027,0.0308,15
objects/spoon_mpeg7-02,objects,0.5405,0.5546,0.0141,0.4718,0.49,0.0295,0.0449,10
objects/spoon_mpeg7-03,objects,0.3978,0.4664,0.0686,0.3625,0.4177,0.0223,0.0321,15
objects/spoon_mpeg7-04,objects,0.7406,0.7552,0.0146,0.6683,0.6954,0.0472,0.039,10
objects/spoon_mpeg7-05,objects,0.5291,0.5996,0.0705,0.4992,0.5562,0.0236,0.0315,10
objects/teddy_mpeg7-01,objects,0.651,0.6947,0.0437,0.6205,0.6583,0.0246,0.0257,10
objects/teddy_mpeg7-02,objects,0.6554,0.6994,0.044,0.6331,0.658,0.015,0.0194,10
objects/teddy_mpeg7-03,objects,0.6585,0.6868,0.0283,0.6201,0.6579,0.023,0.0149,10
objects/teddy_mpeg7-04,objects,0.652,0.7122,0.0602,0.6296,0.6507,0.0169,0.0322,10
objects/teddy_mpeg7-05,objects,0.6385,0.6625,0.024,0.6088,0.6334,0.0215,0.0165,10
objects/tree_mpeg7-01,objects,0.688,0.7189,0.0309,0.6603,0.6872,0.0135,0.0181,10
objects/tree_mpeg7-02,objects,0.6605,0.672,0.0115,0.6358,0.6567,0.0137,0.0103,10
objects/tree_mpeg7-03,objects,0.6681,0.6913,0.0232,0.6454,0.6784,0.0191,0.0079,10
objects/tree_mpeg7-04,objects,0.6418,0.661,0.0192,0.6186,0.6412,0.0137,0.0121,10
objects/tree_mpeg7-05,objects,0.7005,0.7277,0.0272,0.6782,0.7019,0.0195,0.0178,10
objects/watch_mpeg7-01,objects,0.4165,0.4702,0.0537,0.379,0.4284,0.0272,0.0289,15
objects/watch_mpeg7-02,objects,0.3362,0.371,0.0348,0.3113,0.3405,0.0232,0.0175,15
objects/watch_mpeg7-03,objects,0.4593,0.495,0.0357,0.4191,0.4612,0.0259,0.0198,15
objects/watch_mpeg7-04,objects,0.4004,0.427,0.0266,0.3692,0.3976,0.0264,0.0258,15
objects/watch_mpeg7-05,objects,0.4541,0.4737,0.0196,0.4171,0.4397,0.0215,0.0304,15
vehicles/car_mpeg7-01,vehicles,0.6117,0.6523,0.0406,0.5654,0.5956,0.0254,0.028,10
vehicles/car_mpeg7-02,vehicles,0.5672,0.6196,0.0524,0.5408,0.5707,0.025,0.0398,10
vehicles/car_mpeg7-03,vehicles,0.5878,0.6228,0.035,0.548,0.581,0.0262,0.029,10
vehicles/car_mpeg7-04,vehicles,0.6046,0.6527,0.0481,0.5493,0.6012,0.0297,0.0317,10
vehicles/car_mpeg7-05,vehicles,0.5925,0.6229,0.0304,0.5447,0.5902,0.0308,0.0232,10
vehicles/carriage_mpeg7-01,vehicles,0.4817,0.5306,0.0489,0.4463,0.476,0.0235,0.0297,10
vehicles/carriage_mpeg7-02,vehicles,0.4962,0.5354,0.0392,0.4348,0.485,0.0296,0.0335,10
vehicles/carriage_mpeg7-03,vehicles,0.5001,0.5347,0.0346,0.4583,0.4826,0.0331,0.0351,10
vehicles/carriage_mpeg7-04,vehicles,0.4598,0.4838,0.024,0.404,0.4431,0.0313,0.026,15
vehicles/carriage_mpeg7-05,vehicles,0.49,0.5078,0.0178,0.4214,0.4423,0.0432,0.0308,10
vehicles/chopper_mpeg7-01,vehicles,0.5796,0.6149,0.0353,0.5474,0.5744,0.0244,0.0222,10
vehicles/chopper_mpeg7-02,vehicles,0.6319,0.6688,0.0369,0.6036,0.6409,0.022,0.0212,10
vehicles/chopper_mpeg7-03,vehicles,0.614,0.6568,0.0428,0.5893,0.6093,0.0165,0.0306,10
vehicles/chopper_mpeg7-04,vehicles,0.634,0.6638,0.0298,0.6156,0.6418,0.0152,0.0174,10
vehicles/chopper_mpeg7-05,vehicles,0.6584,0.6865,0.0281,0.6088,0.6495,0.0245,0.0173,10
vehicles/classic_mpeg7-01,vehicles,0.5657,0.6005,0.0348,0.5317,0.5776,0.0216,0.0175,10
vehicles/classic_mpeg7-02,vehicles,0.5774,0.5943,0.0169,0.5239,0.5584,0.0397,0.0213,10
vehicles/classic_mpeg7-03,vehicles,0.5482,0.5871,0.0389,0.5127,0.5619,0.0343,0.0152,10
vehicles/classic_mpeg7-04,vehicles,0.5739,0.6248,0.0509,0.5216,0.5658,0.0402,0.0361,10
vehicles/classic_mpeg7-05,vehicles,0.612,0.61,-0.002,0.5447,0.5809,0.045,0.0203,10
vehicles/personal-car_mpeg7-01,vehicles,0.5811,0.6174,0.0363,0.5354,0.5579,0.0287,0.0371,10
vehicles/personal-car_mpeg7-02,vehicles,0.6225,0.6574,0.0349,0.5752,0.6089,0.0267,0.0354,10
vehicles/personal-car_mpeg7-03,vehicles,0.5787,0.616,0.0373,0.5331,0.5703,0.0367,0.0322,10
vehicles/personal-car_mpeg7-04,vehicles,0.5905,0.6011,0.0106,0.5281,0.5701,0.0312,0.0232,10
vehicles/personal-car_mpeg7-05,vehicles,0.5845,0.628,0.0435,0.5387,0.5723,0.0405,0.024,10
vehicles/truck_mpeg7-01,vehicles,0.5876,0.6334,0.0458,0.5505,0.5985,0.022,0.0224,10
vehicles/truck_mpeg7-02,vehicles,0.599,0.6478,0.0488,0.5507,0.6112,0.034,0.025,10
vehicles/truck_mpeg7-03,vehicles,0.6179,0.6097,-0.0082,0.5568,0.5759,0.0299,0.0169,10
vehicles/truck_mpeg7-04,vehicles,0.6199,0.6609,0.041,0.5752,0.6119,0.0334,0.0309,10
vehicles/truck_mpeg7-05,vehicles,0.6208,0.6464,0.0256,0.562,0.5992,0.0411,0.0195,10
