sample_id,subset,stem,source,ref,class,iou,dice,boundary_iou,nsd,chamfer,hd95,cldice,hu_distance,fourier_distance,d_betti0,d_betti1,betti_error,pw_h0,pw_h1,n_limbs_target,n_limbs_shadow,limb_offset_rel,limbs_unmatched,tc_iou,tc_aspect_target,tc_aspect_shadow,tc_aspect_error,t_area_frac,t_aspect_ratio,t_solidity,t_compactness,t_convexity_defect_depth_rel,t_min_stroke_width_rel,t_median_stroke_width_rel,t_stroke_width_ratio,t_thin_mass_frac,t_elongation,t_skel_len_rel,t_neck_width_rel,t_closed_region,t_n_components,t_n_holes,t_n_holes_signif,t_euler_number,t_hole_area_frac,t_hole_area_frac_max,t_n_limbs,t_n_junctions,t_n_concave_extrema,t_sym_h,t_sym_v,t_contour_hf_energy,t_ph_h0_total,t_ph_n_parts_robust,t_ph_holes_total_size,t_ph_hole_max_size,t_ph_n_holes_robust,t_ph_n_pockets_robust,t_ph_pocket_max_mouth,t_ph_entropy,s_area_frac,s_aspect_ratio,s_solidity,s_compactness,s_convexity_defect_depth_rel,s_min_stroke_width_rel,s_median_stroke_width_rel,s_stroke_width_ratio,s_thin_mass_frac,s_elongation,s_skel_len_rel,s_neck_width_rel,s_closed_region,s_n_components,s_n_holes,s_n_holes_signif,s_euler_number,s_hole_area_frac,s_hole_area_frac_max,s_n_limbs,s_n_junctions,s_n_concave_extrema,s_sym_h,s_sym_v,s_contour_hf_energy,s_ph_h0_total,s_ph_n_parts_robust,s_ph_holes_total_size,s_ph_hole_max_size,s_ph_n_holes_robust,s_ph_n_pockets_robust,s_ph_pocket_max_mouth,s_ph_entropy,d_area_frac,d_aspect_ratio,d_solidity,d_compactness,d_convexity_defect_depth_rel,d_min_stroke_width_rel,d_median_stroke_width_rel,d_stroke_width_ratio,d_thin_mass_frac,d_elongation,d_skel_len_rel,d_neck_width_rel,d_closed_region,d_n_components,d_n_holes,d_n_holes_signif,d_euler_number,d_hole_area_frac,d_hole_area_frac_max,d_n_limbs,d_n_junctions,d_n_concave_extrema,d_sym_h,d_sym_v,d_contour_hf_energy,d_ph_h0_total,d_ph_n_parts_robust,d_ph_holes_total_size,d_ph_hole_max_size,d_ph_n_holes_robust,d_ph_n_pockets_robust,d_ph_pocket_max_mouth,d_ph_entropy
abstract_device3_mpeg7-01,abstract,device3_mpeg7-01,teleop,original,device3,0.2598,0.4124,0.0291,0.0524,0.11912,0.22097,0.9481,11.8786,9.4486,0,0,0,0.01868,0.0,0,2,,2,0.2265,0.9804,0.3103,0.6834,0.6051,0.9802,1.0169,1.131,0.0041,0.5524,0.5524,1.0,0.1822,0.02,0.011,,True,1,0,0,1,0.0,0.0,0,0,4,0.9605,0.9647,0.3198,0.0,0,0.0,0.0,0,0,0.0,0.0,0.1781,0.2796,0.9012,2.638,0.0848,0.0221,0.1105,0.2612,0.4859,7.1,0.784,0.0773,True,1,0,0,1,0.0,0.0,2,0,10,0.6926,0.7359,0.1933,0.0264,1,0.0,0.0,0,0,0.0,0.8236,-0.427,-0.7006,-0.1157,1.507,0.0807,-0.5303,-0.4419,-0.7388,0.3037,7.08,0.773,,0,0.0,0.0,0.0,0.0,0.0,0.0,2.0,0.0,6.0,-0.2679,-0.2288,-0.1265,0.0264,1.0,0.0,0.0,0.0,0.0,0.0,0.8236
abstract_device9_mpeg7-04,abstract,device9_mpeg7-04,teleop,original,device9,0.3629,0.5326,0.1513,0.2781,0.04317,0.14916,0.6082,14.1435,1.202,0,0,0,0.12634,0.03274,2,4,0.0977,2,0.4673,0.9804,0.8667,0.116,0.4733,0.9802,0.973,2.827,0.5359,0.0433,0.1657,0.2381,0.3201,6.633,1.099,0.0221,True,1,0,0,1,0.0,0.0,2,0,2,0.9262,0.9593,0.1686,0.1171,1,0.0,0.0,0,0,0.0,0.0,0.187,0.7609,0.5678,7.152,0.359,0.0221,0.0706,0.3258,0.7366,20.645,1.458,0.0221,True,1,0,0,1,0.0,0.0,4,2,2,0.2978,0.4632,0.2931,0.0916,2,0.0,0.0,0,15,0.0729,2.093,-0.2863,-0.2193,-0.4052,4.325,-0.1769,-0.0212,-0.0951,0.0877,0.4165,14.012,0.359,0.0,0,0.0,0.0,0.0,0.0,0.0,0.0,2.0,2.0,0.0,-0.6284,-0.4961,0.1245,-0.0255,1.0,0.0,0.0,0.0,15.0,0.0729,2.093
digits_1_dejavusans-bold,digits,1_dejavusans-bold,teleop,original,1,0.338,0.5052,0.0483,0.104,0.04594,0.16801,0.6499,2.7959,0.5544,1,0,1,0.0235,0.0,3,2,0.0773,1,0.3535,0.7059,0.3265,0.5374,0.2325,0.6908,0.6221,3.216,0.1328,0.091,0.1215,0.6923,0.4898,7.682,0.934,0.0773,True,1,0,0,1,0.0,0.0,3,1,7,0.6199,0.6151,0.1742,0.0045,0,0.0,0.0,0,0,0.0,0.6931,0.091,0.3196,0.6888,3.473,0.082,0.021,0.0663,0.2977,0.7378,9.917,0.657,0.0552,True,2,0,0,2,0.0,0.0,2,0,6,0.488,0.42,0.1954,0.0287,1,0.0,0.0,0,0,0.0,0.9725,-0.1415,-0.3712,0.0667,0.257,-0.0508,-0.07,-0.0552,-0.3946,0.248,2.235,-0.277,-0.0221,0,1.0,0.0,0.0,1.0,0.0,0.0,-1.0,-1.0,-1.0,-0.1319,-0.1951,0.0212,0.0242,1.0,0.0,0.0,0.0,0.0,0.0,0.2794
digits_1_dejavuserif-bold,digits,1_dejavuserif-bold,teleop,original,1,0.2707,0.4261,0.0695,0.1164,0.04512,0.14612,0.6364,5.8962,0.3478,0,0,0,0.01948,0.00157,3,2,0.0714,1,0.2226,0.6373,0.4881,0.2341,0.187,0.6094,0.575,3.625,0.1174,0.0442,0.1182,0.3077,0.545,8.04,0.95,0.0331,True,1,0,0,1,0.0,0.0,3,1,4,0.6607,0.7409,0.1397,0.0,0,0.0,0.0,0,0,0.0,0.0,0.0685,0.447,0.4191,6.108,0.1753,0.0243,0.0442,0.5,0.9323,15.875,0.702,0.0221,True,1,0,0,1,0.0,0.0,2,0,5,0.2506,0.2675,0.1694,0.0276,1,0.0,0.0,0,2,0.0276,1.1234,-0.1185,-0.1624,-0.1559,2.483,0.0579,-0.0199,-0.074,0.1923,0.3873,7.835,-0.248,-0.011,0,0.0,0.0,0.0,0.0,0.0,0.0,-1.0,-1.0,1.0,-0.4101,-0.4734,0.0297,0.0276,1.0,0.0,0.0,0.0,2.0,0.0276,1.1234
digits_7_dejavusans-bold,digits,7_dejavusans-bold,teleop,original,7,0.203,0.3375,0.111,0.1597,0.04443,0.15598,0.2345,1.9973,0.749,0,0,0,0.01945,0.00156,2,2,0.0742,0,0.3345,0.7549,0.407,0.4609,0.2191,0.7525,0.6532,3.265,0.2676,0.0751,0.1214,0.7296,0.5071,7.146,0.867,,True,1,0,0,1,0.0,0.0,2,0,5,0.418,0.2957,0.1404,0.0066,0,0.0,0.0,0,0,0.0,1.0986,0.0671,0.3656,0.616,4.005,0.1101,0.0223,0.0552,0.4754,0.9336,10.3,0.569,0.0442,True,1,0,0,1,0.0,0.0,2,0,4,0.3947,0.3551,0.1785,0.0209,1,0.0,0.0,0,0,0.0055,1.1595,-0.152,-0.3869,-0.0372,0.74,-0.1575,-0.0528,-0.0662,-0.2542,0.4265,3.154,-0.298,,0,0.0,0.0,0.0,0.0,0.0,0.0,0.0,0.0,-1.0,-0.0233,0.0594,0.0381,0.0143,1.0,0.0,0.0,0.0,0.0,0.0055,0.0609
letters_lower_a_dejavusans-bold,letters_lower,a_dejavusans-bold,teleop,original,a,0.2857,0.4444,0.0987,0.2035,0.04137,0.19802,0.3679,6.3228,0.9536,1,0,1,0.0897,0.05201,1,3,0.0944,2,0.2404,0.9655,0.6607,0.3157,0.3115,0.9651,0.7916,2.792,0.2899,0.0555,0.1038,0.4426,0.5001,12.934,1.342,0.0773,True,1,1,1,0,0.1058,0.1058,1,1,4,0.6748,0.6139,0.2128,0.0453,1,0.0607,0.0607,1,6,0.0387,1.1273,0.1942,0.556,0.4887,6.836,0.2579,0.011,0.0552,0.0927,0.7581,32.82,1.812,0.011,True,2,2,1,0,0.2099,0.2096,3,3,2,0.2449,0.2094,0.2539,0.087,2,0.0695,0.064,1,8,0.0718,2.15,-0.1173,-0.4091,-0.3029,4.044,-0.032,-0.0445,-0.0486,-0.3499,0.258,19.886,0.47,-0.0663,0,1.0,1.0,0.0,0.0,0.1041,0.1038,2.0,2.0,-2.0,-0.4299,-0.4045,0.0411,0.0417,1.0,0.0088,0.0033,0.0,2.0,0.0331,1.0227
letters_lower_b_dejavusans-bold,letters_lower,b_dejavusans-bold,teleop,original,b,0.1246,0.2216,0.0599,0.1615,0.04955,0.17678,0.2515,1.8605,1.0421,0,-1,1,0.09916,0.11017,1,3,0.1364,2,0.3917,0.7549,0.6017,0.2029,0.2881,0.7525,0.7524,2.171,0.1592,0.0592,0.1214,0.5,0.5106,9.878,1.199,0.0442,True,1,1,1,0,0.2258,0.2258,1,1,4,0.4316,0.5187,0.2315,0.052,1,0.0829,0.0829,1,0,0.0,0.9731,0.1681,0.5433,0.4991,8.793,0.3336,0.0139,0.0552,0.3333,0.8394,25.4,1.403,0.0442,True,4,2,0,2,0.0007,0.0004,3,1,2,0.4351,0.2726,0.2149,0.1048,3,0.011,0.0055,0,6,0.0872,2.8312,-0.12,-0.2092,-0.2533,6.622,0.1744,-0.0453,-0.0662,-0.1667,0.3288,15.522,0.204,0.0,0,3.0,1.0,-1.0,2.0,-0.2251,-0.2254,2.0,0.0,-2.0,0.0035,-0.2461,-0.0166,0.0528,2.0,-0.0719,-0.0774,-1.0,6.0,0.0872,1.8581
letters_lower_j_dejavusansmono-bold,letters_lower,j_dejavusansmono-bold,teleop,original,j,0.2866,0.4456,0.0705,0.0961,0.03256,0.08593,0.5733,1.0442,0.1839,0,0,0,0.05417,0.00547,2,2,0.0987,0,0.4554,0.3333,0.4194,0.2581,0.0987,0.3267,0.5878,4.174,0.1065,0.0663,0.0773,0.8571,0.799,7.214,0.558,0.0552,True,2,0,0,2,0.0,0.0,2,0,4,0.3419,0.3964,0.1441,0.0685,1,0.0,0.0,0,0,0.0,0.1409,0.0824,0.4063,0.5668,5.594,0.0894,0.0155,0.0552,0.3128,0.9044,14.1,0.779,0.011,True,2,0,0,2,0.0,0.0,2,0,7,0.264,0.3393,0.1945,0.0673,2,0.0,0.0,0,6,0.0408,1.6437,-0.0163,0.0796,-0.021,1.42,-0.0171,-0.0508,-0.0221,-0.5443,0.1054,6.886,0.221,-0.0442,0,0.0,0.0,0.0,0.0,0.0,0.0,0.0,0.0,3.0,-0.0779,-0.0571,0.0504,-0.0012,1.0,0.0,0.0,0.0,6.0,0.0408,1.5028
letters_lower_l_dejavusans-bold,letters_lower,l_dejavusans-bold,teleop,original,l,0.4594,0.6295,0.0556,0.097,0.03331,0.06077,0.9372,4.5875,0.1012,0,0,0,0.01011,0.0,2,2,0.0815,0,0.588,0.2353,0.1966,0.1645,0.1494,0.2277,1.0538,1.999,0.0,0.1326,0.1326,1.0,0.4739,3.333,0.442,,True,1,0,0,1,0.0,0.0,2,0,4,1.0,0.9615,0.0961,0.0,0,0.0,0.0,0,0,0.0,0.0,0.1158,0.187,0.8753,3.138,0.04,0.0552,0.0884,0.6367,0.6739,6.875,0.608,0.0552,True,1,0,0,1,0.0,0.0,2,0,6,0.491,0.5124,0.1257,0.0143,0,0.0,0.0,0,0,0.0,0.9187,-0.0336,-0.0407,-0.1785,1.139,0.04,-0.0774,-0.0442,-0.3633,0.2,3.542,0.166,,0,0.0,0.0,0.0,0.0,0.0,0.0,0.0,0.0,2.0,-0.509,-0.4491,0.0296,0.0143,0.0,0.0,0.0,0.0,0.0,0.0,0.9187
letters_lower_n_dejavusans-bold,letters_lower,n_dejavusans-bold,teleop,original,n,0.1666,0.2856,0.0636,0.1013,0.0577,0.21854,0.2422,2.3529,2.1189,0,1,1,0.04943,0.03671,2,3,0.1648,1,0.1294,0.9875,0.7789,0.2112,0.2672,0.9873,0.729,3.419,0.337,0.0702,0.1436,0.5385,0.475,6.038,0.867,0.0442,True,1,0,0,1,0.0,0.0,2,0,6,0.7764,0.6193,0.1747,0.0409,1,0.0,0.0,0,0,0.0,0.0,0.1594,0.7235,0.5819,5.47,0.2774,0.0221,0.0574,0.2394,0.761,23.283,1.337,0.0331,True,1,1,1,0,0.0191,0.0191,3,3,2,0.3267,0.4929,0.2074,0.0452,1,0.0166,0.0166,1,3,0.0342,1.9961,-0.1078,-0.2638,-0.1471,2.051,-0.0596,-0.0481,-0.0862,-0.2991,0.286,17.245,0.47,-0.0111,0,0.0,1.0,1.0,-1.0,0.0191,0.0191,1.0,3.0,-4.0,-0.4497,-0.1264,0.0327,0.0043,0.0,0.0166,0.0166,1.0,3.0,0.0342,1.9961
letters_lower_o_dejavusans-bold,letters_lower,o_dejavusans-bold,teleop,original,o,0.2433,0.3913,0.0879,0.2181,0.04011,0.15521,0.4834,12.8057,0.6284,0,0,0,0.12644,0.06999,0,0,,0,0.3369,1.0588,0.8205,0.2251,0.2947,0.9438,0.783,1.406,0.0047,0.0994,0.128,0.7226,0.4519,8.198,1.05,0.0884,True,1,1,1,0,0.291,0.291,0,0,1,0.8974,0.9301,0.6649,0.054,1,0.0983,0.0983,1,0,0.0,1.3061,0.1055,0.8535,0.52,3.826,0.0585,0.011,0.0397,0.3127,0.9149,30.304,1.204,0.0221,True,2,3,1,-1,0.7986,0.7969,0,0,5,0.2867,0.3585,0.3608,0.1248,3,0.0884,0.0773,1,9,0.0751,2.4535,-0.1892,-0.0903,-0.263,2.42,0.0538,-0.0884,-0.0883,-0.4099,0.463,22.106,0.154,-0.0663,0,1.0,2.0,0.0,-1.0,0.5076,0.5059,0.0,0.0,4.0,-0.6107,-0.5716,-0.3041,0.0708,2.0,-0.0099,-0.021,0.0,9.0,0.0751,1.1474
letters_lower_q_dejavusansmono-bold,letters_lower,q_dejavusansmono-bold,teleop,original,q,0.2125,0.3506,0.1319,0.1492,0.0354,0.09046,0.2939,1.1841,0.3182,0,1,1,0.03799,0.08083,1,2,0.3565,1,0.199,0.6275,0.3394,0.459,0.2386,0.6238,0.743,2.308,0.1455,0.0552,0.1083,0.5594,0.5838,10.51,1.138,0.0442,True,1,1,1,0,0.2497,0.2497,1,1,4,0.479,0.5384,0.2089,0.042,1,0.0718,0.0718,1,0,0.0,1.0859,0.1559,0.3333,0.783,3.099,0.1048,0.0221,0.0663,0.3,0.7242,18.75,1.243,0.0331,True,1,3,2,-2,0.0661,0.0583,2,4,1,0.4124,0.5589,0.1834,0.0353,0,0.0442,0.0276,2,1,0.0276,2.0602,-0.0827,-0.2905,0.04,0.791,-0.0407,-0.0331,-0.042,-0.2594,0.1404,8.24,0.105,-0.0111,0,0.0,2.0,1.0,-2.0,-0.1836,-0.1914,1.0,3.0,-3.0,-0.0666,0.0205,-0.0255,-0.0067,-1.0,-0.0276,-0.0442,1.0,1.0,0.0276,0.9743
letters_lower_r_dejavusans-bold,letters_lower,r_dejavusans-bold,teleop,original,r,0.3678,0.5378,0.0885,0.1558,0.04137,0.125,0.593,1.0547,0.3288,0,1,1,0.04218,0.02344,2,3,0.1262,1,0.306,0.7255,0.5046,0.3045,0.2602,0.7228,0.737,2.513,0.1592,0.063,0.1768,0.467,0.4075,4.219,0.746,0.0663,True,1,0,0,1,0.0,0.0,2,0,6,0.3655,0.4485,0.1584,0.0287,1,0.0,0.0,0,0,0.0,0.0,0.1568,0.4929,0.604,4.238,0.1505,0.0221,0.0773,0.2688,0.6921,14.714,1.138,0.011,True,1,1,1,0,0.0051,0.0051,3,3,3,0.4722,0.3195,0.1897,0.0475,1,0.0055,0.0055,0,2,0.0475,1.854,-0.1034,-0.2299,-0.133,1.725,-0.0087,-0.0409,-0.0995,-0.1982,0.2846,10.495,0.392,-0.0553,0,0.0,1.0,1.0,-1.0,0.0051,0.0051,1.0,3.0,-3.0,0.1067,-0.129,0.0313,0.0188,0.0,0.0055,0.0055,0.0,2.0,0.0475,1.854
letters_lower_t_dejavuserif-bold,letters_lower,t_dejavuserif-bold,teleop,original,t,0.3997,0.5711,0.129,0.2424,0.03894,0.11739,0.5396,3.1648,0.3743,0,0,0,0.02341,0.00157,4,3,0.1105,1,0.4074,0.6275,0.3519,0.4392,0.1925,0.5533,0.6242,3.546,0.1518,0.0442,0.1126,0.3231,0.5428,8.343,0.939,0.0331,True,1,0,0,1,0.0,0.0,4,1,7,0.5825,0.6401,0.2062,0.0066,0,0.0,0.0,0,0,0.0,0.0,0.0937,0.3425,0.6039,4.54,0.0708,0.0221,0.0663,0.3138,0.828,12.25,0.812,0.011,True,1,0,0,1,0.0,0.0,3,1,3,0.5647,0.5381,0.1882,0.0265,0,0.0,0.0,0,0,0.0199,1.4879,-0.0988,-0.2108,-0.0203,0.994,-0.081,-0.0221,-0.0463,-0.0093,0.2852,3.907,-0.127,-0.0221,0,0.0,0.0,0.0,0.0,0.0,0.0,-1.0,0.0,-4.0,-0.0178,-0.102,-0.018,0.0199,0.0,0.0,0.0,0.0,0.0,0.0199,1.4879
letters_lower_u_dejavusansmono-bold,letters_lower,u_dejavusansmono-bold,teleop,original,u,0.1929,0.3234,0.1158,0.2372,0.0401,0.13822,0.3215,3.9809,1.2155,0,1,1,0.08186,0.03818,2,3,0.1173,1,0.3421,0.7895,0.5963,0.2446,0.2993,0.7872,0.7236,3.859,0.4143,0.0603,0.1326,0.6253,0.4782,7.667,1.016,0.0331,True,1,0,0,1,0.0,0.0,2,0,5,0.8618,0.6928,0.1834,0.0518,1,0.0,0.0,0,0,0.0,0.5817,0.18,0.5926,0.5472,7.499,0.4579,0.011,0.0663,0.2503,0.7855,23.583,1.563,0.0221,True,1,2,1,-1,0.0085,0.0078,3,3,6,0.3411,0.3284,0.2681,0.0894,3,0.0166,0.011,1,5,0.0884,2.5257,-0.1193,-0.1946,-0.1764,3.64,0.0436,-0.0493,-0.0663,-0.375,0.3073,15.916,0.547,-0.011,0,0.0,2.0,1.0,-2.0,0.0085,0.0078,1.0,3.0,1.0,-0.5207,-0.3644,0.0847,0.0376,2.0,0.0166,0.011,1.0,5.0,0.0884,1.944
letters_lower_w_dejavusansmono-bold,letters_lower,w_dejavusansmono-bold,teleop,original,w,0.3303,0.4965,0.093,0.1809,0.04059,0.1896,0.5984,1.8012,1.5341,0,3,3,0.11372,0.0578,2,1,0.2429,1,0.4477,1.1087,0.9722,0.1231,0.3129,0.901,0.6611,6.507,0.3867,0.0706,0.0994,0.6591,0.6106,14.889,1.481,0.0663,True,1,0,0,1,0.0,0.0,2,0,1,0.9922,0.3895,0.2163,0.1406,2,0.0,0.0,0,0,0.0,2.9997,0.1626,0.9405,0.7217,4.419,0.1553,0.0168,0.0552,0.2,0.6796,24.515,1.353,0.0663,True,3,3,3,0,0.021,0.0075,1,5,1,0.5214,0.5452,0.341,0.0729,3,0.0298,0.011,2,3,0.0408,2.4287,-0.1503,0.0395,0.0606,-2.088,-0.2314,-0.0538,-0.0442,-0.4591,0.069,9.626,-0.128,0.0,0,2.0,3.0,3.0,-1.0,0.021,0.0075,-1.0,5.0,0.0,-0.4708,0.1557,0.1247,-0.0677,1.0,0.0298,0.011,2.0,3.0,0.0408,-0.571
letters_upper_A_dejavuserif-bold,letters_upper,A_dejavuserif-bold,teleop,original,A,0.2502,0.4002,0.0931,0.183,0.04397,0.19093,0.3347,2.577,2.4375,0,0,0,0.08135,0.06428,3,2,0.0955,1,0.3275,1.0851,0.4483,0.5869,0.2174,0.9208,0.6278,4.117,0.1492,0.0442,0.0552,0.3393,0.6687,26.116,1.442,0.0331,True,1,1,1,0,0.1423,0.1423,3,3,6,0.3346,0.212,0.217,0.0451,0,0.053,0.053,1,1,0.0829,1.8218,0.1925,0.4007,0.6665,5.917,0.3335,0.0224,0.064,0.3848,0.82,24.509,1.569,0.0442,True,1,2,1,-1,0.0828,0.0821,2,2,9,0.4697,0.3907,0.2248,0.0872,3,0.0419,0.0364,1,10,0.0464,2.181,-0.0249,-0.5201,0.0387,1.8,0.1843,-0.0218,0.0088,0.0455,0.1513,-1.607,0.127,0.0111,0,0.0,1.0,0.0,-1.0,-0.0595,-0.0602,-1.0,-1.0,3.0,0.1351,0.1787,0.0078,0.0421,3.0,-0.0111,-0.0166,0.0,9.0,-0.0365,0.3592
letters_upper_B_dejavusans-bold,letters_upper,B_dejavusans-bold,teleop,original,B,0.2762,0.4329,0.1228,0.2105,0.04028,0.16282,0.5028,5.1667,0.927,0,0,0,0.07274,0.08771,0,0,,0,0.2537,0.8265,0.5962,0.2787,0.3675,0.8247,0.8273,1.604,0.0835,0.097,0.1126,0.6923,0.4614,13.742,1.547,0.0773,True,1,2,2,-1,0.2006,0.1164,0,2,2,0.7745,0.8658,0.2567,0.054,2,0.1326,0.0718,2,0,0.0,1.3933,0.1615,0.3878,0.6828,2.845,0.0905,0.0289,0.0663,0.3492,0.7532,21.25,1.409,0.0221,True,1,2,2,-1,0.2218,0.1402,0,2,7,0.2273,0.2952,0.1766,0.0509,1,0.0751,0.0419,2,1,0.032,1.9139,-0.206,-0.4369,-0.1445,1.241,0.007,-0.0681,-0.0463,-0.3431,0.2918,7.508,-0.138,-0.0552,0,0.0,0.0,0.0,0.0,0.0212,0.0238,0.0,0.0,5.0,-0.5472,-0.5706,-0.0801,-0.0031,-1.0,-0.0575,-0.0299,0.0,1.0,0.032,0.5206
letters_upper_H_dejavuserif-bold,letters_upper,H_dejavuserif-bold,teleop,original,H,0.2017,0.3357,0.1055,0.1986,0.04487,0.17246,0.3211,7.6792,4.193,0,2,2,0.05038,0.10781,8,4,0.1184,4,0.0714,1.1646,0.4722,0.5945,0.241,0.8571,0.5564,7.181,0.2099,0.0331,0.0773,0.3,0.6475,22.643,1.751,0.0442,True,1,0,0,1,0.0,0.0,8,6,8,0.8531,0.7869,0.3229,0.0375,1,0.0,0.0,0,2,0.0331,0.0,0.1575,0.4639,0.6248,5.067,0.2019,0.011,0.0485,0.125,0.6351,29.701,1.442,0.011,True,3,3,2,0,0.0271,0.0178,4,4,7,0.4183,0.5487,0.2512,0.0364,2,0.0243,0.011,1,3,0.0895,2.0293,-0.0835,-0.3932,0.0684,-2.114,-0.008,-0.0221,-0.0288,-0.175,-0.0124,7.058,-0.309,-0.0332,0,2.0,3.0,2.0,-1.0,0.0271,0.0178,-4.0,-2.0,-1.0,-0.4348,-0.2382,-0.0717,-0.0011,1.0,0.0243,0.011,1.0,1.0,0.0564,2.0293
letters_upper_L_dejavusans-bold,letters_upper,L_dejavusans-bold,teleop,original,L,0.4103,0.5819,0.0787,0.1192,0.03802,0.10969,0.5759,1.0176,0.1948,0,1,1,0.03976,0.03125,2,1,0.0821,1,0.5053,0.7157,0.6075,0.1512,0.2242,0.7129,0.6821,2.584,0.2189,0.1105,0.1547,0.7143,0.4475,4.536,0.702,,True,1,0,0,1,0.0,0.0,2,0,5,0.301,0.4312,0.1279,0.0,0,0.0,0.0,0,0,0.0,0.0,0.1538,0.4605,0.6176,3.912,0.1907,0.0243,0.0663,0.3999,0.7644,16.25,1.077,0.0442,True,1,2,1,-1,0.0294,0.029,1,1,7,0.1455,0.2425,0.1893,0.0562,3,0.0166,0.011,1,0,0.0055,1.9032,-0.0704,-0.2524,-0.0645,1.328,-0.0282,-0.0862,-0.0884,-0.3144,0.3169,11.714,0.375,,0,0.0,2.0,1.0,-2.0,0.0294,0.029,-1.0,1.0,2.0,-0.1555,-0.1887,0.0614,0.0562,3.0,0.0166,0.011,1.0,0.0,0.0055,1.9032
letters_upper_M_dejavuserif-bold_v2,letters_upper,M_dejavuserif-bold_v2,teleop,original,M,0.3287,0.4948,0.0914,0.1589,0.04261,0.17708,0.5191,5.2097,0.6622,1,0,1,0.10074,0.02925,4,6,0.1088,2,0.2025,1.3699,0.8182,0.4027,0.3013,0.7273,0.693,5.613,0.2486,0.0646,0.0884,0.5,0.5787,16.625,1.469,0.0552,True,1,0,0,1,0.0,0.0,4,2,4,0.7501,0.6787,0.2887,0.0751,1,0.0,0.0,0,2,0.0232,1.157,0.1842,0.8679,0.5578,6.268,0.1793,0.011,0.0773,0.2339,0.6819,16.714,1.293,0.0331,True,2,0,0,2,0.0,0.0,6,2,2,0.2654,0.215,0.189,0.1126,5,0.0,0.0,0,6,0.0939,1.5985,-0.1171,0.1406,-0.1352,0.655,-0.0693,-0.0536,-0.0111,-0.2661,0.1032,0.089,-0.176,-0.0221,0,1.0,0.0,0.0,1.0,0.0,0.0,2.0,0.0,-2.0,-0.4847,-0.4637,-0.0997,0.0375,4.0,0.0,0.0,0.0,4.0,0.0707,0.4415
letters_upper_N_dejavusansmono-bold,letters_upper,N_dejavusansmono-bold,teleop,original,N,0.3791,0.5498,0.1472,0.2369,0.03003,0.13517,0.5835,11.196,2.95,0,2,2,0.09822,0.08121,2,3,0.1862,1,0.3363,0.6667,0.5926,0.1111,0.2961,0.6634,0.7169,5.75,0.4033,0.0728,0.0994,0.6026,0.5908,13.556,1.348,0.0552,True,1,0,0,1,0.0,0.0,2,0,0,0.6063,0.6861,0.2198,0.0864,1,0.0,0.0,0,0,0.0,2.1149,0.2092,0.5147,0.6323,5.08,0.3087,0.0124,0.0596,0.2646,0.7427,30.313,1.806,0.011,True,1,2,2,-1,0.1266,0.1164,3,5,2,0.3241,0.455,0.2629,0.1038,3,0.0431,0.032,2,10,0.0453,2.1359,-0.0869,-0.1487,-0.0846,-0.67,-0.0946,-0.0604,-0.0398,-0.338,0.1519,16.757,0.458,-0.0442,0,0.0,2.0,2.0,-2.0,0.1266,0.1164,1.0,5.0,2.0,-0.2822,-0.2311,0.0431,0.0174,2.0,0.0431,0.032,2.0,10.0,0.0453,0.021
letters_upper_V_dejavusansmono-bold,letters_upper,V_dejavusansmono-bold,teleop,original,V,0.4089,0.5805,0.1698,0.2401,0.02547,0.07182,0.5594,1.8708,0.3894,0,0,0,0.10633,0.01165,2,2,0.0372,0,0.4768,0.7451,0.6636,0.1093,0.232,0.7426,0.7223,4.629,0.464,0.0552,0.1016,0.8576,0.593,10.928,1.11,0.0773,True,1,0,0,1,0.0,0.0,2,0,2,0.8487,0.27,0.1932,0.0743,0,0.0,0.0,0,0,0.0,3.1809,0.148,0.6798,0.491,7.807,0.4777,0.0331,0.0574,0.5426,0.9023,21.744,1.248,0.0331,True,1,0,0,1,0.0,0.0,2,0,7,0.414,0.1614,0.2209,0.076,2,0.0,0.0,0,1,0.106,2.287,-0.084,-0.0628,-0.2313,3.178,0.0137,-0.0221,-0.0442,-0.315,0.3093,10.816,0.138,-0.0442,0,0.0,0.0,0.0,0.0,0.0,0.0,0.0,0.0,5.0,-0.4347,-0.1086,0.0277,0.0017,2.0,0.0,0.0,0.0,1.0,0.106,-0.8939
letters_upper_X_dejavuserif-bold,letters_upper,X_dejavuserif-bold,teleop,original,X,0.2136,0.352,0.0983,0.1584,0.04474,0.19866,0.3665,4.4987,1.851,0,0,0,0.05207,0.03042,6,4,0.1018,2,0.3254,1.0625,0.5196,0.511,0.2561,0.9406,0.4519,8.001,0.2099,0.0442,0.0485,0.3452,0.668,34.708,1.685,0.0331,True,1,0,0,1,0.0,0.0,6,4,8,0.5393,0.5353,0.2788,0.0451,0,0.0,0.0,0,2,0.0497,2.2994,0.1559,0.4779,0.5482,5.636,0.1933,0.0331,0.0773,0.369,0.7284,12.357,0.956,0.0221,True,1,1,0,0,0.0004,0.0004,4,2,7,0.5284,0.3309,0.196,0.0474,2,0.0055,0.0055,0,0,0.0,1.7949,-0.1002,-0.4627,0.0963,-2.365,-0.0166,-0.0111,0.0288,0.0238,0.0604,-22.351,-0.729,-0.011,0,0.0,1.0,0.0,-1.0,0.0004,0.0004,-2.0,-2.0,-1.0,-0.0109,-0.2044,-0.0828,0.0023,2.0,0.0055,0.0055,0.0,-2.0,-0.0497,-0.5045
letters_upper_Y_dejavusansmono-bold,letters_upper,Y_dejavusansmono-bold,teleop,original,Y,0.6297,0.7728,0.179,0.3196,0.01748,0.04207,0.9226,1.2002,0.5247,0,0,0,0.06787,0.0,3,3,0.0382,0,0.557,0.8039,0.6296,0.2168,0.1943,0.802,0.6266,3.69,0.221,0.0331,0.1038,0.5,0.5694,8.519,0.884,0.0773,True,1,0,0,1,0.0,0.0,3,1,6,0.8533,0.1566,0.1572,0.0396,0,0.0,0.0,0,0,0.0,2.6604,0.1328,0.5938,0.5032,5.464,0.2157,0.0221,0.064,0.3996,0.8038,16.742,1.072,0.0331,True,1,0,0,1,0.0,0.0,3,1,6,0.5499,0.1405,0.174,0.0563,1,0.0,0.0,0,0,0.0,2.3301,-0.0615,-0.2082,-0.1234,1.774,-0.0053,-0.011,-0.0398,-0.1004,0.2344,8.223,0.188,-0.0442,0,0.0,0.0,0.0,0.0,0.0,0.0,0.0,0.0,0.0,-0.3034,-0.0161,0.0168,0.0167,1.0,0.0,0.0,0.0,0.0,0.0,-0.3303
letters_upper_Z_dejavuserif-bold,letters_upper,Z_dejavuserif-bold,teleop,original,Z,0.3005,0.4622,0.1152,0.2252,0.03489,0.16458,0.5672,6.4606,1.6223,0,1,1,0.09277,0.08755,4,2,0.0757,2,0.3132,0.902,0.8962,0.0064,0.2781,0.901,0.5029,6.399,0.3323,0.0552,0.0552,0.4037,0.628,27.3,1.508,0.0994,True,1,0,0,1,0.0,0.0,4,2,6,0.403,0.4004,0.163,0.029,0,0.0,0.0,0,22,0.116,2.1111,0.1738,0.9246,0.4357,7.433,0.2149,0.0194,0.0574,0.4286,0.8659,28.19,1.619,0.0221,True,2,6,1,-4,0.0376,0.0341,2,2,7,0.4112,0.1183,0.256,0.1214,4,0.0398,0.0121,1,2,0.0674,2.656,-0.1043,0.0236,-0.0672,1.034,-0.1174,-0.0358,0.0022,0.0249,0.2379,0.89,0.111,-0.0773,0,1.0,6.0,1.0,-5.0,0.0376,0.0341,-2.0,0.0,1.0,0.0082,-0.2821,0.093,0.0924,4.0,0.0398,0.0121,1.0,-20.0,-0.0486,0.5449
objects_fork_mpeg7-05_v2,objects,fork_mpeg7-05_v2,teleop,original,fork,0.1749,0.2977,0.0771,0.1701,0.05752,0.1856,0.3268,4.575,1.1136,0,1,1,0.03129,0.01335,5,5,0.1441,0,0.2275,0.5,0.697,0.3939,0.1371,0.4953,0.6038,6.966,0.1643,0.0552,0.0552,0.6583,0.9283,19.9,1.099,0.0442,True,1,1,0,0,0.0004,0.0004,5,3,0,0.6154,0.1813,0.201,0.0153,0,0.0055,0.0055,0,0,0.0155,1.8628,0.1577,0.4854,0.6239,5.302,0.1174,0.011,0.0652,0.1315,0.6254,20.18,1.315,0.011,True,1,1,1,0,0.0077,0.0077,5,5,1,0.4348,0.3479,0.2695,0.0312,0,0.011,0.011,1,6,0.0387,2.1381,0.0206,-0.0099,0.0201,-1.664,-0.0469,-0.0442,0.01,-0.5268,-0.3029,0.28,0.216,-0.0332,0,0.0,0.0,1.0,0.0,0.0073,0.0073,0.0,2.0,1.0,-0.1806,0.1666,0.0685,0.0159,0.0,0.0055,0.0055,1.0,6.0,0.0232,0.2753
objects_glas_mpeg7-04,objects,glas_mpeg7-04,teleop,original,glas,0.3096,0.4728,0.1086,0.1923,0.03752,0.13811,0.5379,1.4663,0.7723,0,0,0,0.04841,0.01328,4,5,0.075,1,0.2383,0.8922,0.6379,0.285,0.256,0.873,0.4789,4.498,0.2227,0.0221,0.0906,0.2029,0.5178,14.762,1.337,0.0994,True,1,0,0,1,0.0,0.0,4,2,2,0.7278,0.1569,0.1833,0.0155,1,0.0,0.0,0,0,0.0,0.7985,0.1568,0.5763,0.4333,7.57,0.1457,0.0221,0.0574,0.2604,0.8121,23.957,1.376,0.0331,True,1,1,0,0,0.0004,0.0004,5,3,6,0.4775,0.182,0.2223,0.0662,3,0.0055,0.0055,0,0,0.0055,1.9952,-0.0992,-0.2967,-0.0456,3.072,-0.077,0.0,-0.0332,0.0575,0.2943,9.195,0.039,-0.0663,0,0.0,1.0,0.0,-1.0,0.0004,0.0004,1.0,1.0,4.0,-0.2503,0.0251,0.039,0.0507,2.0,0.0055,0.0055,0.0,0.0,0.0055,1.1967
